Start Station Name,Month of Starttime,Number of Records
MTL-AOS-5.1,March,1
Somers St & Broadway,March,29
Stephen St & Seneca Ave,March,27
Hoyt St & Warren St,March,79
Linden St & Knickerbocker Ave,March,39
Bushwick Ave & Furman Ave,March,42
Broadway & Furman Ave,March,64
Cypress Ave & George St,March,44
Fairview Ave & Linden St,March,63
Menahan St & Onderdonk Ave,March,38
Centre St & Seneca Ave,March,58
Metropolitan Ave & Vandervoort Ave,March,49
Halsey St & Evergreen Ave,March,67
Stanhope St & Fairview Ave,March,55
Hancock St & Wyckoff Ave,March,51
Willoughby Ave & Onderdonk Ave,March,41
Menahan St & Seneca Ave,March,49
Onderdonk Ave & Dekalb Ave,March,86
Metropolitan Ave & Stewart Ave,March,56
Onderdonk Ave & Gates Ave,March,85
Moffat St & Bushwick,March,80
Cypress Ave & Palmetto St,March,79
Madison St & Evergreen Ave,March,77
Central Ave & Decatur St,March,92
Frost St & Debevoise Ave,March,56
Central Ave & Covert St,March,92
Van Sinderen Ave & Truxton St,March,93
Cedar St & Evergreen Ave,March,113
Madison St & Forest Ave,March,95
Suydam St & St. Nicholas Ave,March,84
Putnam Ave & Knickerbocker Ave,March,91
Madison St & Cypress Ave,March,82
Woodward Ave & Harman St,March,76
Railroad Ave & Kay Ave,March,57
Madison St & Woodward Ave,March,90
Harman St & Seneca Ave,March,102
Eldert St & Bushwick Ave,March,96
Flushing Ave & Woodward Ave,March,112
Menahan St & Wyckoff Ave,March,102
Columbia St & Lorraine St,March,87
Bushwick Ave & Forrest St,March,119
Knickerbocker Ave & Cooper St,March,79
Knickerbocker Ave & Halsey St,March,108
White St & Johnson Ave,March,92
Central Ave & Melrose St,March,122
Stewart Ave & Johnson Ave,March,80
Central Ave & Himrod St,March,128
Myrtle Ave & Grove St,March,101
Greene Ave & Grandview Ave,March,101
Bushwick Ave & Linden St,March,132
Central Ave & Weirfield St,March,116
Jefferson Ave & Evergreen Ave,March,105
Wall St & South St,March,273
21 St & 38 Ave,March,109
Menahan St & Central Ave,March,120
Morgan Ave & Maspeth Ave,March,138
Harrison Pl & Porter Ave,March,94
Henry St & Bay St,March,123
Madison St & Seneca Ave,March,113
Forest Ave & Summerfield St,March,149
Bushwick Ave & Dekalb Ave,March,152
11 St & 35 Ave,March,112
Hart St & Wyckoff Ave,March,128
Knickerbocker Ave & Hancock St,March,131
Bushwick Ave & Stagg St,March,119
Wyckoff St & Bond St,March,58
Van Buren St & Broadway,March,162
Montgomery St & Franklin Ave,March,136
Wilson Ave & Moffat St,March,114
Irving Ave & Halsey St,March,141
47 Ave & Skillman Ave,March,114
Bushwick Ave & Harman St,March,153
34 Ave & 13 St,March,130
Rockaway Ave & Bainbridge St,March,154
27 Ave & 3 St,March,138
Dwight St & Van Dyke St,March,168
Broadway & Hancock St,March,166
Irving Ave & Palmetto St,March,130
Carroll St & Franklin Ave,March,146
Putnam Ave & Wyckoff Ave,March,153
Evergreen Ave & Noll St,March,195
Pioneer St & Richards St,March,150
Green St & McGuinness Blvd,March,120
Jefferson St & Cypress Ave,March,140
Halsey St & Broadway,March,236
23 Ave & 27 St,March,178
48 Ave & 30 Pl,March,163
Withers St & Kingsland Ave,March,145
Central Ave & Woodbine St,March,160
Irving Ave & Harman St,March,185
11 St & 43 Ave,March,139
Myrtle Ave & Linden St,March,157
Richards St & Delavan St,March,161
Norman St & Wyckoff Ave,March,136
39 St & 2 Ave,March,257
37 St & 24 Ave,March,147
Albany Ave & Fulton St,March,164
Sullivan Pl & Bedford Ave,March,178
Irving Ave & DeKalb Ave,March,207
40 Ave & Crescent St,March,169
Henry St & W 9 St,March,150
Broadway & Kosciuszko St,March,213
Broadway & Madison St,March,203
Stagg St & Morgan Ave,March,166
21 St & 36 Ave,March,233
Bushwick Ave & McKibbin St,March,172
10 St & 2 Ave,March,150
Clinton St & Centre St,March,180
Central Ave & Starr Street,March,225
Wolcott St & Dwight St,March,121
Central Ave & Flushing Ave,March,188
Morgan Ave & Lombardy St,March,178
Union St & Bedford Ave,March,204
Kent St & McGuinness Blvd,March,205
Bedford Ave & Montgomery St,March,174
27 Ave & 9 St,March,189
Division Ave & Marcy Ave,March,167
Crescent St & 35 Ave,March,220
31 St & Hoyt Ave N,March,162
Devoe St & Morgan Ave,March,196
Vernon Blvd & 41 Rd,March,327
34 Ave & 21 St,March,189
Greene Av & Myrtle Av,March,197
Commerce St & Van Brunt St,March,186
21 St & Hoyt Ave S,March,271
Wilson Ave & Troutman St,March,244
Columbus Ave & W 103 St,March,234
Throop Ave & Myrtle Ave,March,219
24 Ave & 29 St,March,231
48 Ave & 5 St,March,244
Carroll St & Washington Ave,March,201
31 Ave & 14 St,March,203
5 St & 51 Ave,March,264
Cedar St & Myrtle Ave,March,225
Knickerbocker Ave & Thames St,March,242
Pulaski St & Marcus Garvey Blvd,March,263
Columbia St & W 9 St,March,256
Newton Rd & 44 St,March,240
2 Ave & 36 St,March,320
Lincoln Pl & Classon Ave,March,272
30 Ave & 21 St,March,242
George St & Wilson Ave,March,282
Crescent St & Ditmars Blvd,March,230
Willoughby Ave & Wyckoff Ave,March,242
Beaver St & Fayette St,March,246
Morningside Dr & Amsterdam Ave,March,186
Willoughby Ave & Myrtle Ave,March,261
31 St & Northern Blvd,March,298
Irving Ave & Jefferson St,March,251
Grove St & Broadway,March,315
Park Ave & Marcus Garvey Blvd,March,304
Stockholm St & Wilson Ave,March,276
38 Ave & 29 St,March,278
40 Ave & 9 St,March,283
12 St & 4 Ave,March,340
Jackson St & Leonard St,March,225
19 St & 24 Ave,March,261
Lewis Ave & Kosciuszko St,March,292
Sigourney St & Columbia St,March,243
Willoughby St & Ashland Pl,March,295
Waterbury St & Stagg St,March,236
3 Ave & 14 St,March,277
35 St & Broadway,March,289
28 Ave & 44 St,March,261
21 St & 43 Ave,March,247
Knickerbocker Ave & George St,March,285
Sterling St & Bedford Ave,March,358
31 Ave & Crescent St,March,258
35 Ave & 10 St,March,219
34 St & 35 Ave,March,282
Suydam St & Broadway,March,254
28 St & 36 Ave,March,305
Manhattan Av & Leonard St,March,257
Humboldt St & Varet St,March,264
Steinway St & 23 Ave,March,340
Powers St & Olive St,March,296
Wyckoff Av & Stanhope St,March,293
E 116 St & 2 Ave,March,326
35 St & 34 Ave,March,290
2 Ave & E 122 St,March,345
E 118 St & Park Ave,March,305
White St & Moore St,March,304
Marcy Ave & Lafayette Ave,March,339
Engert Ave & McGuinness Blvd,March,266
Lexington Ave & E 127 St,March,319
3 Ave & E 112 St,March,332
47 Ave & 31 St,March,302
Nostrand Ave & Myrtle Ave,March,287
Leonard St & Boerum St,March,318
Wyckoff Av & Jefferson St,March,308
Stuyvesant Walk & 1 Av Loop,March,258
Vernon Blvd & 30 Rd,March,351
37 Ave & 35 St,March,328
Coffey St & Conover St,March,376
Adam Clayton Powell Blvd & W 115 St,March,305
24 St & 41 Ave,March,348
Crescent St & 30 Ave,March,325
9 St & 44 Rd,March,283
Pacific St & Classon Ave,March,216
31 St & Thomson Ave,March,330
36 Ave & 10 St,March,446
Crescent St & 34 Ave,March,328
Broadway & 12 St,March,357
31 Ave & Steinway St,March,396
Sands St Gate,March,556
W 129 St & Convent Ave,March,369
Broadway & W 122 St,March,303
31 Ave & 30 St,March,368
Suydam St & Knickerbocker Ave,March,445
24 Ave & 26 St,March,252
Lewis Ave & Decatur St,March,406
Melrose St & Broadway,March,394
3 Ave & E 100 St,March,308
Willoughby Ave & Tompkins Ave,March,332
Pleasant Ave & E 120 St,March,351
35 Ave & 37 St,March,304
Madison Ave & E 120 St,March,321
Rogers Ave & Sterling St,March,428
Jackson Ave & 46 Rd,March,314
Putnam Ave & Nostrand Ave,March,367
E 128 St & Madison Ave,March,356
McKibbin St & Bogart St,March,337
E 123 St & Lexington Ave,March,393
McKibbin St & Manhattan Ave,March,379
5 St & 6 Ave,March,279
Pioneer St & Van Brunt St,March,339
49 Ave & 21 St,March,307
Franklin Ave & Myrtle Ave,March,329
E 115 St & Madison Ave,March,407
Union Ave & Wallabout St,March,359
N 15 St & Wythe Ave,March,274
Vernon Blvd & 10 St,March,436
3 St & Hoyt St,March,350
Vernon Blvd & 31 Ave,March,405
Marcus Garvey Blvd & Macon St,March,357
28 Ave & 35 St,March,361
Graham Ave & Herbert St,March,303
Lexington Ave & E 120 St,March,387
Calyer St & Jewel St,March,399
Sharon St & Olive St,March,428
Newtown Ave & 23 St,March,395
Lorimer St & Broadway,March,293
E 98 St & Park Ave,March,349
6 Ave & 12 St,March,388
West End Ave & W 78 St,March,711
Tompkins Ave & Hopkins St,March,370
5 Ave & E 126 St,March,341
E 118 St & 1 Ave,March,460
Union St & Nevins St,March,338
21 St & 31 Dr,March,443
Adam Clayton Powell Blvd & W 118 St,March,415
3 Ave & Carroll St,March,361
Brooklyn Bridge Park - Pier 2,March,549
Amsterdam Ave & W 125 St,March,471
Frost St & Meeker Ave,March,357
Myrtle Ave & Marcy Ave,March,382
7 St & 3 Ave,March,400
Bedford Ave & S 9 St,March,409
Verona Pl & Fulton St,March,402
Fulton St & Utica Ave,March,460
Myrtle Ave & Lewis Ave,March,373
Ditmars Blvd & 19 St,March,476
Greene Ave & Throop Ave,March,375
27 St & Hunter St,March,504
E 114 St & 1 Ave,March,530
Lorimer St & Calyer St,March,413
10 St & 5 Ave,March,404
Putnam Ave & Throop Ave,March,407
E 106 St & 1 Ave,March,474
Astoria Park S & Shore Blvd,March,590
Hancock St & Bedford Ave,March,464
Van Brunt St & Wolcott St,March,395
Broadway & Whipple St,March,435
Kingston Ave & Herkimer St,March,536
N 11 St & Kent Ave,March,421
Kosciuszko St & Nostrand Ave,March,423
Bushwick Ave & Powers St,March,496
Union Ave & Jackson St,March,417
36 Ave & 31 St,March,507
Park Pl & Franklin Ave,March,425
6 St & 7 Ave,March,411
Crescent St & Broadway,March,493
E 106 St & Madison Ave,March,482
Prospect Pl & Underhill Ave,March,373
7 St & 5 Ave,March,393
43 St & Broadway,March,553
Division Ave & Hooper St,March,427
Lefferts Pl & Franklin Ave,March,411
31 Ave & 34 St,March,501
E 118 St & 3 Ave,March,562
E 118 St & Madison Ave,March,444
Greene Ave & Nostrand Ave,March,452
Frederick Douglass Blvd & W 129 St,March,642
Steinway St & 28 Ave,March,472
Adam Clayton Powell Blvd & W 126 St,March,518
E 97 St & 3 Ave,March,509
Franklin Ave & St Marks Ave,March,458
1 Pl & Clinton St,March,489
Boerum St & Broadway,March,441
Halsey St & Tompkins Ave,March,412
Amsterdam Ave & W 119 St,March,444
Columbia Heights & Cranberry St,March,577
Center Blvd & 51 Ave,March,721
Wyckoff St & Nevins St,March,480
Berkeley Pl & 6 Ave,March,395
Center Blvd & 48 Ave,March,591
Sterling Pl & Bedford Ave,March,558
E 106 St & Lexington Ave,March,544
Smith St & 3 St,March,425
DeKalb Ave & Franklin Ave,March,522
W 107 St & Columbus Ave,March,493
31 St & Astoria Blvd,March,387
2 Ave & E 99 St,March,492
Van Brunt St & Van Dyke St,March,578
Willoughby Ave & Walworth St,March,523
Cambridge Pl & Gates Ave,March,513
Vernon Blvd & 47 Rd,March,505
Prospect Park West & 8 St,March,613
Park Ave & St Edwards St,March,448
Clinton Ave & Flushing Ave,March,540
21 St & Queens Plaza North,March,493
E 102 St & Park Ave,March,540
E 115 St & Lexington Ave,March,496
Fulton St & Irving Pl,March,496
Lewis Ave & Madison St,March,553
E 95 St & 3 Ave,March,598
Concord St & Bridge St,March,546
Eastern Pkwy & Washington Ave,March,476
Morningside Ave & W 123 St,March,600
W 120 St & Claremont Ave,March,483
Pierrepont St & Monroe Pl,March,488
Central Park West & W 102 St,March,581
Prospect Pl & 6 Ave,March,412
Dock 72 Way & Market St,March,406
Lenox Ave & W 115 St,March,584
E 81 St & Park Ave,March,564
Court St & Nelson St,March,461
Underhill Ave & Pacific St,March,519
Pitt St & Stanton St,March,508
Fulton St & Clermont Ave,March,539
Monroe St & Tompkins Ave,March,470
Leonard St & Maujer St,March,620
E 109 St & 3 Ave,March,615
10 St & 7 Ave,March,511
Clinton St & 4 Place,March,526
Myrtle Ave & St Edwards St,March,571
28 St & 41 Ave,March,571
Adam Clayton Powell Blvd & W 123 St,March,513
Graham Ave & Withers St,March,542
Kosciuszko St & Tompkins Ave,March,464
W 116 St & Broadway,March,552
Clermont Ave & Park Ave,March,444
Dean St & Hoyt St,March,608
Degraw St & Hoyt St,March,527
Columbia St & Kane St,March,624
East End Ave & E 86 St,March,716
4 Ave & 9 St,March,536
W 113 St & Broadway,March,648
E 68 St & Madison Ave,March,567
Carroll St & Columbia St,March,604
Broadway & Moylan Pl,March,601
Clermont Ave & Lafayette Ave,March,524
W 104 St & Amsterdam Ave,March,578
President St & Henry St,March,497
Garfield Pl & 8 Ave,March,541
Carroll St & Bond St,March,544
Butler St & Court St,March,541
14 St & 7 Ave,March,595
Richardson St & N Henry St,March,478
Carlton Ave & Park Ave,March,462
44 Dr & 21 St,March,513
E 66 St & Madison Ave,March,701
Montrose Ave & Bushwick Ave,March,628
Riverside Dr & W 91 St,March,962
Cadman Plaza E & Johnson St,March,695
Washington Ave & Greene Ave,March,592
Bond St & Bergen St,March,589
Kingsland Ave & Nassau Ave,March,567
45 Rd & 11 St,March,635
Lexington Ave & Classon Ave,March,685
Riverside Dr & W 104 St,March,953
Mt Morris Park W & W 120 St,March,655
Lexington Ave & E 111 St,March,678
12 Ave & W 125 St,March,1408
Carlton Ave & Flushing Ave,March,615
Monroe St & Classon Ave,March,655
Columbia St & Degraw St,March,730
Laight St & Hudson St,March,678
St Johns Pl & Washington Ave,March,657
E 93 St & 2 Ave,March,715
Pacific St & Nevins St,March,639
Clinton St & Union St,March,629
Bayard St & Leonard St,March,623
West End Ave & W 107 St,March,730
1 Ave & E 110 St,March,790
Classon Ave & St Marks Ave,March,645
W 30 St & 10 Ave,March,2055
Driggs Ave & Lorimer St,March,736
2 Ave & E 104 St,March,699
Warren St & Court St,March,643
3 Ave & E 71 St,March,775
Underhill Ave & Lincoln Pl,March,708
St. Nicholas Ave & W 126 St,March,855
Smith St & 9 St,March,623
India St & West St,March,716
Madison Ave & E 99 St,March,708
6 Ave & 9 St,March,613
W 110 St & Amsterdam Ave,March,804
Carlton Ave & Dean St,March,634
E 103 St & Lexington Ave,March,744
Carroll St & 6 Ave,March,589
Grand Ave & Bergen St,March,606
S Portland Ave & Hanson Pl,March,630
S 4 St & Rodney St,March,736
Frederick Douglass Blvd & W 115 St,March,848
14 St & 5 Ave,March,794
44 Dr & Jackson Ave,March,895
3 Ave & E 72 St,March,740
Degraw St & Smith St,March,686
3 St & 7 Ave,March,621
1 Ave & E 94 St,March,914
3 St & 3 Ave,March,782
E 67 St & Park Ave,March,700
W 106 St & Amsterdam Ave,March,856
Cumberland St & Lafayette Ave,March,677
34 Ave & 38 St,March,722
Monroe St & Bedford Ave,March,646
Henry St & Middagh St,March,707
Scholes St & Manhattan Ave,March,793
E 60 St & York Ave,March,892
Nassau St & Navy St,March,761
Lafayette Ave & Classon Ave,March,689
E 78 St & 2 Ave,March,797
Johnson St & Gold St,March,817
Front St & Gold St,March,799
Douglass St & 4 Ave,March,726
Delancey St & Eldridge St,March,875
E 58 St & 1 Ave (NE Corner),March,766
Franklin St & Dupont St,March,825
Franklin Ave & Empire Blvd,March,1054
Park Pl & Vanderbilt Ave,March,878
DeKalb Ave & S Portland Ave,March,866
E 88 St & Park Ave,March,825
Graham Ave & Grand St,March,896
Carroll St & 5 Ave,March,726
Dean St & Franklin Ave,March,789
31 St & 23 Ave,March,788
31 St & Newtown Ave,March,804
Washington Park,March,699
Eastern Pkwy & Franklin Ave,March,852
Grand St & Greene St,March,1206
Baltic St & 5 Ave,March,784
St James Pl & Pearl St,March,786
Bedford Ave & Bergen St,March,849
W 90 St & Amsterdam Ave,March,878
Nassau Ave & Newell St,March,730
Roebling St & N 4 St,March,852
Bergen St & Vanderbilt Ave,March,814
31 St & Broadway,March,831
Douglass St & 3 Ave,March,634
West End Ave & W 94 St,March,1045
Bus Slip & State St,March,988
Lenox Ave & W 130 St,March,1042
E 110 St & Madison Ave,March,983
Riverside Dr & W 78 St,March,964
Stagg St & Union Ave,March,920
E 68 St & 3 Ave,March,848
Kane St & Clinton St,March,771
W 116 St & Amsterdam Ave,March,711
Washington Ave & Park Ave,March,806
Broad St & Bridge St,March,763
Driggs Ave & N Henry St,March,809
E 82 St & East End Ave,March,954
Lenox Ave & W 126 St,March,1004
E 85 St & York Ave,March,959
Bergen St & Flatbush Ave,March,831
Union St & 4 Ave,March,728
St Nicholas Ave & Manhattan Ave,March,878
Harrison St & Hudson St,March,786
Old Slip & Front St,March,336
5 Ave & E 93 St,March,1132
E 91 St & Park Ave,March,894
Emerson Pl & Myrtle Ave,March,885
McGuinness Blvd & Eagle St,March,901
5 Ave & 3 St,March,898
Nassau Ave & Russell St,March,812
46 Ave & 5 St,March,976
Macon St & Nostrand Ave,March,744
E 97 St & Madison Ave,March,1037
3 St & Prospect Park West,March,1155
E 56 St & Madison Ave,March,817
Banker St & Meserole Ave,March,814
Perry St & Greenwich Ave,March,938
Willoughby Ave & Hall St,March,844
Avenue D & E 8 St,March,1407
3 Ave & Schermerhorn St,March,1037
Avenue D & E 12 St,March,927
W 100 St & Manhattan Ave,March,971
E 76 St & Park Ave,March,979
Devoe St & Lorimer St,March,852
E 65 St & 2 Ave,March,923
E 102 St & 1 Ave,March,1031
Metropolitan Ave & Meeker Ave,March,871
Flushing Ave & Vanderbilt Ave,March,967
N 12 St & Bedford Ave,March,988
W Broadway & W Houston St,March,878
Pearl St & Peck Slip,March,1449
Duane St & Greenwich St,March,858
Kent Ave & S 11 St,March,1089
Schermerhorn St & Court St,March,888
Huron St & Franklin St,March,975
Carroll St & Smith St,March,850
Lenox Ave & W 117 St,March,980
Madison Ave & E 82 St,March,980
Henry St & Degraw St,March,863
E 63 St & 3 Ave,March,978
W 82 St & Central Park West,March,1410
E 89 St & York Ave,March,1054
E 72 St & Park Ave,March,922
Frederick Douglass Blvd & W 112 St,March,1208
Congress St & Clinton St,March,996
W 92 St & Broadway,March,978
India St & Manhattan Ave,March,1104
E 12 St & Ave C,March,1243
W 18 St & 9 Ave,March,893
Front St & Jay St,March,1025
DeKalb Ave & Vanderbilt Ave,March,864
Pleasant Ave & E 116 St,March,1150
Stanton St & Mangin St,March,1013
State St & Smith St,March,990
Duffield St & Willoughby St,March,1128
Fulton St & Waverly Ave,March,1042
Adelphi St & Myrtle Ave,March,904
E 84 St & Park Ave,March,1140
W 87 St & West End Ave,March,1248
Atlantic Ave & Fort Greene Pl,March,1036
Montague St & Clinton St,March,975
Union Ave & N 12 St,March,1330
E 81 St & 3 Ave,March,1080
5 Ave & E 63 St,March,950
Water - Whitehall Plaza,March,1004
Amsterdam Ave & W 66 St,March,946
Hope St & Union Ave,March,1166
Atlantic Ave & Furman St,March,1605
E 89 St & 3 Ave,March,1215
Leonard St & Nassau Ave,March,933
W 106 St & Central Park West,March,1303
W 87 St & Amsterdam Ave,March,1159
Centre St & Worth St,March,1132
Lafayette Ave & St James Pl,March,954
W 74 St & Columbus Ave,March,1073
Riverside Dr & W 82 St,March,1387
Meserole Ave & Manhattan Ave,March,1061
Central Park West & W 100 St,March,1463
Cadman Plaza E & Red Cross Pl,March,1023
Frederick Douglass Blvd & W 117 St,March,1393
Jay St & Tech Pl,March,1202
Berkeley Pl & 7 Ave,March,1004
E 47 St & 1 Ave,March,1068
Bialystoker Pl & Delancey St,March,983
E 75 St & 3 Ave,March,1119
John St & William St,March,1123
Greenpoint Ave & Manhattan Ave,March,1085
Market St & Cherry St,March,1080
W 84 St & Broadway,March,1249
Grand St & Havemeyer St,March,1176
E 77 St & 3 Ave,March,1151
Columbia St & Rivington St,March,1222
South St & Whitehall St,March,1455
E 81 St & 2 Ave,March,1318
Broadway & Roebling St,March,940
E 58 St & Madison Ave,March,1027
Park Pl & Church St,March,1076
Henry St & Atlantic Ave,March,1157
5 Ave & E 103 St,March,1460
Bedford Ave & Nassau Ave,March,1273
Plaza St West & Flatbush Ave,March,1165
Hicks St & Montague St,March,1209
E 88 St & 1 Ave,March,1508
E 58 St &  1 Ave (NW Corner),March,1254
Franklin St & W Broadway,March,1085
Cathedral Pkwy & Broadway,March,1499
Madison St & Montgomery St,March,1326
7 Ave & Park Pl,March,1068
Maiden Ln & Pearl St,March,1306
Schermerhorn St & Bond St,March,1157
E 91 St & 2 Ave,March,1497
Spruce St & Nassau St,March,1427
Queens Plaza North & Crescent St,March,1808
Pike St & Monroe St,March,1361
Cherry St,March,1695
Front St & Maiden Ln,March,1399
Broadway & Berry St,March,1250
Lafayette Ave & Fort Greene Pl,March,1314
2 Ave & E 96 St,March,1429
Pearl St & Hanover Square,March,1477
3 Ave & E 62 St,March,1269
Graham Ave & Conselyea St,March,1274
Clinton St & Joralemon St,March,1124
E 81 St & York Ave,March,1461
E 84 St & 1 Ave,March,1648
Reade St & Broadway,March,1235
DeKalb Ave & Hudson Ave,March,1231
St James Pl & Oliver St,March,1248
S 3 St & Bedford Ave,March,1452
Vernon Blvd & 50 Ave,March,1053
Dean St & 4 Ave,March,1226
Grand Army Plaza & Plaza St West,March,2004
Clinton Ave & Myrtle Ave,March,1214
Catherine St & Monroe St,March,1387
W 47 St & 6 Ave,March,1208
Riverside Blvd & W 67 St,March,1682
William St & Pine St,March,1472
Berry St & N 8 St,March,1201
W 100 St & Broadway,March,1442
Broadway & W 37 St,March,1198
E 51 St & 2 Ave,March,1424
Leonard St & Church St,March,1198
Lawrence St & Willoughby St,March,1365
Willoughby St & Fleet St,March,1195
Old Fulton St,March,1952
E 59 St & Madison Ave,March,1244
Bond St & Fulton St,March,1415
Riverside Dr & W 72 St,March,2068
Park Ave & E 124 St,March,1165
W 76 St & Columbus Ave,March,1616
Fulton St & William St,March,1483
W 95 St & Broadway,March,1643
E 43 St & 2 Ave,March,1466
Division St & Bowery,March,1559
Madison St & Clinton St,March,1544
Milton St & Franklin St,March,1580
W 84 St & Columbus Ave,March,1568
Hudson St & Reade St,March,1401
Front St & Washington St,March,1571
5 Ave & E 78 St,March,1806
Court St & State St,March,1429
E 51 St & 1 Ave,March,1811
Central Park North & Adam Clayton Powell Blvd,March,2148
Rivington St & Chrystie St,March,1447
Avenue D & E 3 St,March,1494
E 48 St & 3 Ave,March,1422
Lenox Ave & W 111 St,March,2055
Clark St & Henry St,March,1541
West Drive & Prospect Park West,March,2310
E 56 St & 3 Ave,March,1504
Driggs Ave & N 9 St,March,1519
Cliff St & Fulton St,March,1719
E 5 St & Avenue C,March,1450
E 74 St & 1 Ave,March,1856
Jay St & York St,March,1612
Avenue C & E 18 St,March,1729
E 41 St & Madison Ave,March,1514
Lexington Ave & E 36 St,March,1697
W 42 St & Dyer Ave,March,1774
Central Park West & W 76 St,March,1887
MacDougal St & Washington Sq,March,1564
Fulton St & Adams St,March,1555
E 53 St & Madison Ave,March,1538
6 Ave & Canal St,March,1490
W 42 St & 6 Ave,March,1819
Stanton St & Norfolk St,March,1656
Broadway & W 36 St,March,1714
E 51 St & Lexington Ave,March,1464
W 15 St & 10 Ave,March,1859
Central Park W & W 96 St,March,2221
Rivington St & Ridge St,March,2016
Bank St & Washington St,March,1949
Bayard St & Baxter St,March,1621
Broadway & Battery Pl,March,2345
W 89 St & Columbus Ave,March,1733
W 50 St & 9 Ave,March,1938
2 Ave & E 72 St,March,1950
S 4 St & Wythe Ave,March,2007
Mercer St & Spring St,March,1551
Kent Ave & N 7 St,March,2370
Wythe Ave & Metropolitan Ave,March,1785
Pike St & E Broadway,March,1837
Watts St & Greenwich St,March,1850
9 Ave & W 18 St,March,1726
W 64 St & Thelonious Monk Circle,March,1988
E 6 St & Avenue D,March,2030
Bergen St & Smith St,March,1793
West Thames St,March,2398
W Broadway & Spring St,March,1805
W 67 St & Broadway,March,1737
Barclay St & Church St,March,1553
Washington Pl & 6 Ave,March,1880
Amsterdam Ave & W 82 St,March,1907
Greenwich Ave & Charles St,March,1827
W 35 St & Dyer Ave,March,1892
W 54 St & 9 Ave,March,2052
Murray St & West St,March,2034
South St & Gouverneur Ln,March,2522
W 56 St & 10 Ave,March,1946
Sullivan St & Washington Sq,March,2012
E 45 St & 3 Ave,March,1795
E 47 St & 2 Ave,March,1871
Perry St & Bleecker St,March,2051
1 Ave & E 44 St,March,1880
W 40 St & 5 Ave,March,1855
W 70 St & Amsterdam Ave,March,2258
Washington Pl & Broadway,March,1837
E 10 St & 5 Ave,March,1862
W 52 St & 5 Ave,March,1778
E 85 St & 3 Ave,March,2373
4 Ave & E 12 St,March,1890
E 72 St & York Ave,March,2234
Bank St & Hudson St,March,2107
Little West St & 1 Pl,March,2814
1 Ave & E 5 St,March,2211
W 45 St & 6 Ave,March,1800
5 Ave & E 88 St,March,2776
W 53 St & 10 Ave,March,2186
Amsterdam Ave & W 79 St,March,2032
Columbus Ave & W 95 St,March,2366
Murray St & Greenwich St,March,2427
Hanson Pl & Ashland Pl,March,1834
Central Park West & W 85 St,March,2667
Howard St & Centre St,March,1883
E 16 St & Irving Pl,March,1852
5 Ave & E 73 St,March,2738
W 46 St & 11 Ave,March,2357
N 6 St & Bedford Ave,March,1899
Broadway & W 51 St,March,1916
W 44 St & 5 Ave,March,1890
W 63 St & Broadway,March,2039
W 59 St & 10 Ave,March,2414
S 5 Pl & S 5 St,March,2997
W 37 St & 5 Ave,March,2145
Fulton St & Broadway,March,2016
Greenwich St & W Houston St,March,2381
Lispenard St & Broadway,March,1820
Broadway & W 53 St,March,2140
Henry St & Grand St,March,2281
Stanton St & Chrystie St,March,2114
E 9 St & Avenue C,March,2212
Suffolk St & Stanton St,March,2254
E 19 St & 3 Ave,March,2162
E 2 St & Avenue C,March,2242
E 58 St & 3 Ave,March,2276
Broadway & W 38 St,March,1931
E 27 St & 1 Ave,March,2389
E 30 St & Park Ave S,March,2125
Lexington Ave & E 29 St,March,2343
Forsyth St & Canal St,March,2403
1 Ave & E 30 St,March,2286
E 43 St & 5 Ave,March,1931
W 26 St & 10 Ave,March,2059
Central Park West & W 68 St,March,2662
E 11 St & Avenue B,March,2196
Mott St & Prince St,March,2410
W 16 St & The High Line,March,2172
Metropolitan Ave & Bedford Ave,March,2377
E 55 St & 2 Ave,March,2456
E 25 St & 1 Ave,March,2094
W 11 St & 6 Ave,March,2255
W 52 St & 11 Ave,March,3020
Forsyth St & Broome St,March,2136
W 55 St & 6 Ave,March,2227
W 37 St & 10 Ave,March,2601
E 20 St & FDR Drive,March,2350
9 Ave & W 28 St,March,2513
W 20 St & 8 Ave,March,2450
Pier 40 - Hudson River Park,March,3889
Liberty St & Broadway,March,2443
Centre St & Chambers St,March,2571
W 13 St & 5 Ave,March,2302
Allen St & Rivington St,March,2623
Central Park West & W 72 St,March,3095
7 Ave & Central Park South,March,2878
W 47 St & 10 Ave,March,2574
W 43 St & 10 Ave,March,2625
Allen St & Hester St,March,2570
E 2 St & 2 Ave,March,2247
Mercer St & Bleecker St,March,2512
W 45 St & 8 Ave,March,2343
W 15 St & 6 Ave,March,2575
LaGuardia Pl & W 3 St,March,2478
1 Ave & E 62 St,March,2941
1 Ave & E 78 St,March,2921
W 42 St & 8 Ave,March,2264
6 Ave & Broome St,March,2776
E 33 St & 5 Ave,March,2283
Gansevoort St & Hudson St,March,2509
University Pl & E 8 St,March,2707
E 12 St & 3 Ave,March,2511
E 53 St & Lexington Ave,March,2747
E 48 St & 5 Ave,March,2273
W 34 St & 11 Ave,March,2557
Norfolk St & Broome St,March,2794
St Marks Pl & 1 Ave,March,2581
11 Ave & W 59 St,March,3027
11 Ave & W 27 St,March,2456
Washington St & Gansevoort St,March,2782
W 13 St & 7 Ave,March,2558
Allen St & Stanton St,March,2725
E 2 St & Avenue B,March,2759
E 39 St & 3 Ave,March,2634
St Marks Pl & 2 Ave,March,2860
W 49 St & 8 Ave,March,3055
Grand Army Plaza & Central Park S,March,3140
E 20 St & Park Ave,March,2586
6 Ave & W 34 St,March,2903
MacDougal St & Prince St,March,2905
9 Ave & W 45 St,March,3071
Canal St & Rutgers St,March,2797
8 Ave & W 52 St,March,3217
W 25 St & 6 Ave,March,2627
W 20 St & 7 Ave,March,2773
Vesey Pl & River Terrace,March,3121
Central Park S & 6 Ave,March,3694
E 6 St & Avenue B,March,2807
Lafayette St & Jersey St,March,2794
FDR Drive & E 35 St,March,3574
E 4 St & 2 Ave,March,2919
E 11 St & 1 Ave,March,2958
E 31 St & 3 Ave,March,3146
E 2 St & Avenue A,March,2760
11 Ave & W 41 St,March,3508
W 52 St & 6 Ave,March,2804
5 Ave & E 29 St,March,2923
W 15 St & 7 Ave,March,3164
E 11 St & 2 Ave,March,3184
E 23 St & 1 Ave,March,3110
W 4 St & 7 Ave S,March,3308
Clinton St & Grand St,March,3579
E 10 St & Avenue A,March,3338
W 22 St & 8 Ave,March,2977
Barrow St & Hudson St,March,3200
South End Ave & Liberty St,March,3849
E 15 St & 3 Ave,March,3210
W 18 St & 6 Ave,March,2847
2 Ave & E 31 St,March,3462
E 39 St & 2 Ave,March,3545
E 7 St & Avenue A,March,3107
Broadway & W 49 St,March,3255
Broadway & W 29 St,March,2876
E 16 St & 5 Ave,March,3014
W 22 St & 10 Ave,March,3285
Amsterdam Ave & W 73 St,March,3362
Cleveland Pl & Spring St,March,3233
North Moore St & Greenwich St,March,3314
Columbus Ave & W 72 St,March,3423
E 25 St & 2 Ave,March,3479
E 24 St & Park Ave S,March,3212
W 26 St & 8 Ave,March,3494
Great Jones St,March,2941
E 20 St & 2 Ave,March,3425
9 Ave & W 22 St,March,3694
1 Ave & E 18 St,March,3529
Carmine St & 6 Ave,March,3630
E 33 St & 1 Ave,March,3852
Pershing Square South,March,3125
12 Ave & W 40 St,March,5029
W 27 St & 7 Ave,March,3284
10 Ave & W 28 St,March,3096
1 Ave & E 68 St,March,4321
W 17 St & 8 Ave,March,3337
Cooper Square & Astor Pl,March,3349
E 32 St & Park Ave,March,3441
Broadway & W 41 St,March,3263
W 24 St & 7 Ave,March,3841
Greenwich Ave & 8 Ave,March,3594
1 Ave & E 16 St,March,4104
Lexington Ave & E 26 St,March,3835
W 33 St & 7 Ave,March,3646
Grand St & Elizabeth St,March,4271
West St & Chambers St,March,5808
W 38 St & 8 Ave,March,4061
Lafayette St & E 8 St,March,3951
W 31 St & 7 Ave,March,3836
University Pl & E 14 St,March,4266
Broadway & W 56 St,March,4217
W 20 St & 11 Ave,March,3762
Broadway & W 25 St,March,4429
E 47 St & Park Ave,March,4139
Christopher St & Greenwich St,March,4786
Broadway & W 60 St,March,5361
E 13 St & Avenue A,March,4767
Broadway & E 14 St,March,4608
8 Ave & W 33 St,March,4541
W 41 St & 8 Ave,March,4809
6 Ave & W 33 St,March,4569
Broadway & E 22 St,March,5201
E 17 St & Broadway,March,5585
8 Ave & W 31 St,March,5287
W 21 St & 6 Ave,March,6058
Pershing Square North,March,6679
Somers St & Broadway,February,9
Stephen St & Seneca Ave,February,19
Linden St & Knickerbocker Ave,February,19
Bushwick Ave & Furman Ave,February,23
Broadway & Furman Ave,February,18
Cypress Ave & George St,February,34
Fairview Ave & Linden St,February,26
Menahan St & Onderdonk Ave,February,34
Centre St & Seneca Ave,February,37
31 Ave & Steinway St (temp),February,120
Metropolitan Ave & Vandervoort Ave,February,33
Halsey St & Evergreen Ave,February,23
Stanhope St & Fairview Ave,February,34
Hancock St & Wyckoff Ave,February,45
Willoughby Ave & Onderdonk Ave,February,42
Menahan St & Seneca Ave,February,44
Onderdonk Ave & Dekalb Ave,February,25
Metropolitan Ave & Stewart Ave,February,45
Onderdonk Ave & Gates Ave,February,31
Moffat St & Bushwick,February,46
Cypress Ave & Palmetto St,February,45
Madison St & Evergreen Ave,February,49
Central Ave & Decatur St,February,36
Frost St & Debevoise Ave,February,70
Central Ave & Covert St,February,41
Van Sinderen Ave & Truxton St,February,53
Cedar St & Evergreen Ave,February,36
Madison St & Forest Ave,February,52
Suydam St & St. Nicholas Ave,February,52
Putnam Ave & Knickerbocker Ave,February,50
Madison St & Cypress Ave,February,65
Woodward Ave & Harman St,February,61
Railroad Ave & Kay Ave,February,69
Madison St & Woodward Ave,February,70
24 St & 41 Ave (original),February,219
Harman St & Seneca Ave,February,52
Eldert St & Bushwick Ave,February,63
Flushing Ave & Woodward Ave,February,52
Menahan St & Wyckoff Ave,February,63
Columbia St & Lorraine St,February,74
Bushwick Ave & Forrest St,February,61
Knickerbocker Ave & Cooper St,February,84
Knickerbocker Ave & Halsey St,February,68
White St & Johnson Ave,February,79
Central Ave & Melrose St,February,71
Stewart Ave & Johnson Ave,February,94
Central Ave & Himrod St,February,67
Myrtle Ave & Grove St,February,77
Greene Ave & Grandview Ave,February,87
Bushwick Ave & Linden St,February,75
Central Ave & Weirfield St,February,78
Jefferson Ave & Evergreen Ave,February,91
21 St & 38 Ave,February,88
Menahan St & Central Ave,February,71
Morgan Ave & Maspeth Ave,February,80
Harrison Pl & Porter Ave,February,106
Henry St & Bay St,February,91
Madison St & Seneca Ave,February,107
Forest Ave & Summerfield St,February,80
Bushwick Ave & Dekalb Ave,February,71
11 St & 35 Ave,February,80
Hart St & Wyckoff Ave,February,73
Knickerbocker Ave & Hancock St,February,94
Bushwick Ave & Stagg St,February,98
Wyckoff St & Bond St,February,122
Van Buren St & Broadway,February,86
Montgomery St & Franklin Ave,February,94
Wilson Ave & Moffat St,February,121
Irving Ave & Halsey St,February,108
47 Ave & Skillman Ave,February,104
Bushwick Ave & Harman St,February,105
34 Ave & 13 St,February,94
Rockaway Ave & Bainbridge St,February,99
27 Ave & 3 St,February,125
Dwight St & Van Dyke St,February,80
Broadway & Hancock St,February,87
Irving Ave & Palmetto St,February,109
Carroll St & Franklin Ave,February,102
Putnam Ave & Wyckoff Ave,February,109
Evergreen Ave & Noll St,February,89
Pioneer St & Richards St,February,108
5 St & Market St,February,23
Green St & McGuinness Blvd,February,120
Jefferson St & Cypress Ave,February,153
Halsey St & Broadway,February,79
23 Ave & 27 St,February,123
48 Ave & 30 Pl,February,118
Withers St & Kingsland Ave,February,126
Central Ave & Woodbine St,February,123
Irving Ave & Harman St,February,113
11 St & 43 Ave,February,133
Myrtle Ave & Linden St,February,146
Richards St & Delavan St,February,135
Norman St & Wyckoff Ave,February,154
39 St & 2 Ave,February,93
37 St & 24 Ave,February,145
Albany Ave & Fulton St,February,146
Sullivan Pl & Bedford Ave,February,135
Irving Ave & DeKalb Ave,February,140
40 Ave & Crescent St,February,169
Henry St & W 9 St,February,182
Broadway & Kosciuszko St,February,126
Broadway & Madison St,February,146
Stagg St & Morgan Ave,February,160
10 Hudson Yards,February,219
21 St & 36 Ave,February,138
Bushwick Ave & McKibbin St,February,168
10 St & 2 Ave,February,168
Clinton St & Centre St,February,146
Central Ave & Starr Street,February,155
Wolcott St & Dwight St,February,186
Central Ave & Flushing Ave,February,173
Morgan Ave & Lombardy St,February,177
Union St & Bedford Ave,February,176
Kent St & McGuinness Blvd,February,182
Bedford Ave & Montgomery St,February,173
27 Ave & 9 St,February,167
Division Ave & Marcy Ave,February,201
Crescent St & 35 Ave,February,169
31 St & Hoyt Ave N,February,205
Devoe St & Morgan Ave,February,181
Vernon Blvd & 41 Rd,February,130
34 Ave & 21 St,February,174
Greene Av & Myrtle Av,February,174
Commerce St & Van Brunt St,February,193
21 St & Hoyt Ave S,February,155
Wilson Ave & Troutman St,February,160
Columbus Ave & W 103 St,February,175
Throop Ave & Myrtle Ave,February,178
24 Ave & 29 St,February,184
48 Ave & 5 St,February,148
Carroll St & Washington Ave,February,181
31 Ave & 14 St,February,203
5 St & 51 Ave,February,162
Cedar St & Myrtle Ave,February,192
Knickerbocker Ave & Thames St,February,191
Pulaski St & Marcus Garvey Blvd,February,162
Columbia St & W 9 St,February,195
Newton Rd & 44 St,February,187
2 Ave & 36 St,February,165
Lincoln Pl & Classon Ave,February,176
30 Ave & 21 St,February,199
George St & Wilson Ave,February,203
Crescent St & Ditmars Blvd,February,226
Willoughby Ave & Wyckoff Ave,February,225
Beaver St & Fayette St,February,197
Morningside Dr & Amsterdam Ave,February,255
Willoughby Ave & Myrtle Ave,February,226
31 St & Northern Blvd,February,153
Irving Ave & Jefferson St,February,225
Grove St & Broadway,February,176
Park Ave & Marcus Garvey Blvd,February,176
Stockholm St & Wilson Ave,February,222
38 Ave & 29 St,February,193
40 Ave & 9 St,February,230
12 St & 4 Ave,February,258
Jackson St & Leonard St,February,216
19 St & 24 Ave,February,216
Lewis Ave & Kosciuszko St,February,196
Sigourney St & Columbia St,February,222
Willoughby St & Ashland Pl,February,329
Waterbury St & Stagg St,February,250
3 Ave & 14 St,February,204
35 St & Broadway,February,195
28 Ave & 44 St,February,239
21 St & 43 Ave,February,230
Knickerbocker Ave & George St,February,212
Sterling St & Bedford Ave,February,199
31 Ave & Crescent St,February,235
35 Ave & 10 St,February,265
34 St & 35 Ave,February,246
Suydam St & Broadway,February,258
28 St & 36 Ave,February,208
Manhattan Av & Leonard St,February,272
Humboldt St & Varet St,February,243
Steinway St & 23 Ave,February,233
Powers St & Olive St,February,238
Wyckoff Av & Stanhope St,February,225
E 116 St & 2 Ave,February,215
35 St & 34 Ave,February,232
2 Ave & E 122 St,February,234
E 118 St & Park Ave,February,261
White St & Moore St,February,286
Marcy Ave & Lafayette Ave,February,228
Engert Ave & McGuinness Blvd,February,276
Lexington Ave & E 127 St,February,223
3 Ave & E 112 St,February,223
47 Ave & 31 St,February,245
Nostrand Ave & Myrtle Ave,February,279
Leonard St & Boerum St,February,248
Wyckoff Av & Jefferson St,February,277
Stuyvesant Walk & 1 Av Loop,February,296
Vernon Blvd & 30 Rd,February,246
37 Ave & 35 St,February,253
Coffey St & Conover St,February,245
Adam Clayton Powell Blvd & W 115 St,February,287
24 St & 41 Ave,February,131
Crescent St & 30 Ave,February,261
9 St & 44 Rd,February,287
Pacific St & Classon Ave,February,338
31 St & Thomson Ave,February,240
36 Ave & 10 St,February,223
Crescent St & 34 Ave,February,263
Broadway & 12 St,February,289
31 Ave & Steinway St,February,150
Sands St Gate,February,349
W 129 St & Convent Ave,February,275
Broadway & W 122 St,February,291
31 Ave & 30 St,February,281
Suydam St & Knickerbocker Ave,February,225
24 Ave & 26 St,February,348
Lewis Ave & Decatur St,February,254
Melrose St & Broadway,February,230
3 Ave & E 100 St,February,307
Willoughby Ave & Tompkins Ave,February,298
Pleasant Ave & E 120 St,February,268
35 Ave & 37 St,February,285
Madison Ave & E 120 St,February,314
Rogers Ave & Sterling St,February,280
Jackson Ave & 46 Rd,February,322
Putnam Ave & Nostrand Ave,February,289
E 128 St & Madison Ave,February,309
McKibbin St & Bogart St,February,323
E 123 St & Lexington Ave,February,304
McKibbin St & Manhattan Ave,February,300
5 St & 6 Ave,February,316
Pioneer St & Van Brunt St,February,311
49 Ave & 21 St,February,313
Franklin Ave & Myrtle Ave,February,364
E 115 St & Madison Ave,February,303
Union Ave & Wallabout St,February,330
N 15 St & Wythe Ave,February,383
Vernon Blvd & 10 St,February,308
3 St & Hoyt St,February,318
Vernon Blvd & 31 Ave,February,298
Marcus Garvey Blvd & Macon St,February,333
28 Ave & 35 St,February,357
Graham Ave & Herbert St,February,369
Lexington Ave & E 120 St,February,302
Calyer St & Jewel St,February,349
Sharon St & Olive St,February,319
Newtown Ave & 23 St,February,331
Lorimer St & Broadway,February,407
E 98 St & Park Ave,February,351
6 Ave & 12 St,February,321
West End Ave & W 78 St,February,399
Tompkins Ave & Hopkins St,February,383
5 Ave & E 126 St,February,353
E 118 St & 1 Ave,February,334
Union St & Nevins St,February,380
21 St & 31 Dr,February,342
Adam Clayton Powell Blvd & W 118 St,February,349
3 Ave & Carroll St,February,383
Brooklyn Bridge Park - Pier 2,February,304
Amsterdam Ave & W 125 St,February,371
Frost St & Meeker Ave,February,386
Myrtle Ave & Marcy Ave,February,393
7 St & 3 Ave,February,366
Bedford Ave & S 9 St,February,365
Verona Pl & Fulton St,February,360
Fulton St & Utica Ave,February,363
Myrtle Ave & Lewis Ave,February,382
Ditmars Blvd & 19 St,February,337
Greene Ave & Throop Ave,February,399
27 St & Hunter St,February,337
E 114 St & 1 Ave,February,347
Lorimer St & Calyer St,February,405
10 St & 5 Ave,February,412
Putnam Ave & Throop Ave,February,372
E 106 St & 1 Ave,February,373
Astoria Park S & Shore Blvd,February,314
Hancock St & Bedford Ave,February,383
Van Brunt St & Wolcott St,February,397
Broadway & Whipple St,February,415
Kingston Ave & Herkimer St,February,353
N 11 St & Kent Ave,February,439
Kosciuszko St & Nostrand Ave,February,391
Bushwick Ave & Powers St,February,379
Union Ave & Jackson St,February,463
36 Ave & 31 St,February,414
Park Pl & Franklin Ave,February,471
6 St & 7 Ave,February,418
Crescent St & Broadway,February,408
E 106 St & Madison Ave,February,387
Prospect Pl & Underhill Ave,February,452
7 St & 5 Ave,February,449
43 St & Broadway,February,351
Division Ave & Hooper St,February,390
Lefferts Pl & Franklin Ave,February,445
31 Ave & 34 St,February,414
E 118 St & 3 Ave,February,381
E 118 St & Madison Ave,February,416
Greene Ave & Nostrand Ave,February,430
Frederick Douglass Blvd & W 129 St,February,366
Steinway St & 28 Ave,February,457
Adam Clayton Powell Blvd & W 126 St,February,427
E 97 St & 3 Ave,February,408
Franklin Ave & St Marks Ave,February,467
1 Pl & Clinton St,February,411
Boerum St & Broadway,February,475
Halsey St & Tompkins Ave,February,417
Amsterdam Ave & W 119 St,February,475
Columbia Heights & Cranberry St,February,416
Center Blvd & 51 Ave,February,304
Wyckoff St & Nevins St,February,485
Berkeley Pl & 6 Ave,February,489
Center Blvd & 48 Ave,February,368
Sterling Pl & Bedford Ave,February,403
E 106 St & Lexington Ave,February,432
Smith St & 3 St,February,443
DeKalb Ave & Franklin Ave,February,448
W 107 St & Columbus Ave,February,442
31 St & Astoria Blvd,February,530
2 Ave & E 99 St,February,471
Van Brunt St & Van Dyke St,February,417
Willoughby Ave & Walworth St,February,459
Cambridge Pl & Gates Ave,February,431
Vernon Blvd & 47 Rd,February,439
Prospect Park West & 8 St,February,377
Park Ave & St Edwards St,February,493
Clinton Ave & Flushing Ave,February,485
21 St & Queens Plaza North,February,510
E 102 St & Park Ave,February,466
E 115 St & Lexington Ave,February,503
Fulton St & Irving Pl,February,459
Lewis Ave & Madison St,February,458
E 95 St & 3 Ave,February,464
Concord St & Bridge St,February,440
Eastern Pkwy & Washington Ave,February,535
Morningside Ave & W 123 St,February,440
W 120 St & Claremont Ave,February,515
Pierrepont St & Monroe Pl,February,495
Central Park West & W 102 St,February,450
Prospect Pl & 6 Ave,February,538
Dock 72 Way & Market St,February,581
Lenox Ave & W 115 St,February,513
E 81 St & Park Ave,February,438
Court St & Nelson St,February,561
Underhill Ave & Pacific St,February,564
Pitt St & Stanton St,February,544
Fulton St & Clermont Ave,February,492
Monroe St & Tompkins Ave,February,552
Leonard St & Maujer St,February,473
E 109 St & 3 Ave,February,481
10 St & 7 Ave,February,528
Clinton St & 4 Place,February,532
Myrtle Ave & St Edwards St,February,529
28 St & 41 Ave,February,529
Adam Clayton Powell Blvd & W 123 St,February,552
Graham Ave & Withers St,February,567
Kosciuszko St & Tompkins Ave,February,602
W 116 St & Broadway,February,599
Clermont Ave & Park Ave,February,588
Dean St & Hoyt St,February,531
Degraw St & Hoyt St,February,590
Columbia St & Kane St,February,510
East End Ave & E 86 St,February,458
4 Ave & 9 St,February,558
W 113 St & Broadway,February,542
E 68 St & Madison Ave,February,610
Carroll St & Columbia St,February,533
Broadway & Moylan Pl,February,626
Clermont Ave & Lafayette Ave,February,654
W 104 St & Amsterdam Ave,February,576
President St & Henry St,February,607
Garfield Pl & 8 Ave,February,572
Carroll St & Bond St,February,581
Butler St & Court St,February,624
14 St & 7 Ave,February,544
Richardson St & N Henry St,February,640
Carlton Ave & Park Ave,February,707
44 Dr & 21 St,February,623
E 66 St & Madison Ave,February,547
Montrose Ave & Bushwick Ave,February,600
Riverside Dr & W 91 St,February,427
Cadman Plaza E & Johnson St,February,583
Washington Ave & Greene Ave,February,626
Bond St & Bergen St,February,639
Kingsland Ave & Nassau Ave,February,673
45 Rd & 11 St,February,633
Lexington Ave & Classon Ave,February,620
Riverside Dr & W 104 St,February,520
Mt Morris Park W & W 120 St,February,664
Lexington Ave & E 111 St,February,642
12 Ave & W 125 St,February,249
Carlton Ave & Flushing Ave,February,715
Monroe St & Classon Ave,February,716
Columbia St & Degraw St,February,617
Laight St & Hudson St,February,649
St Johns Pl & Washington Ave,February,620
E 93 St & 2 Ave,February,633
Pacific St & Nevins St,February,716
Clinton St & Union St,February,679
Bayard St & Leonard St,February,730
West End Ave & W 107 St,February,616
1 Ave & E 110 St,February,621
Classon Ave & St Marks Ave,February,695
W 30 St & 10 Ave,February,49
Driggs Ave & Lorimer St,February,672
2 Ave & E 104 St,February,650
Warren St & Court St,February,631
3 Ave & E 71 St,February,678
Underhill Ave & Lincoln Pl,February,762
St. Nicholas Ave & W 126 St,February,615
Smith St & 9 St,February,703
India St & West St,February,735
Madison Ave & E 99 St,February,674
6 Ave & 9 St,February,772
W 110 St & Amsterdam Ave,February,690
Carlton Ave & Dean St,February,771
E 103 St & Lexington Ave,February,698
Carroll St & 6 Ave,February,795
Grand Ave & Bergen St,February,812
S Portland Ave & Hanson Pl,February,816
S 4 St & Rodney St,February,712
Frederick Douglass Blvd & W 115 St,February,701
14 St & 5 Ave,February,711
44 Dr & Jackson Ave,February,612
3 Ave & E 72 St,February,711
Degraw St & Smith St,February,752
3 St & 7 Ave,February,782
1 Ave & E 94 St,February,641
3 St & 3 Ave,February,742
E 67 St & Park Ave,February,787
W 106 St & Amsterdam Ave,February,688
Cumberland St & Lafayette Ave,February,810
34 Ave & 38 St,February,820
Monroe St & Bedford Ave,February,822
Henry St & Middagh St,February,749
Scholes St & Manhattan Ave,February,752
E 60 St & York Ave,February,705
Nassau St & Navy St,February,684
Lafayette Ave & Classon Ave,February,812
E 78 St & 2 Ave,February,741
Johnson St & Gold St,February,757
Front St & Gold St,February,778
Douglass St & 4 Ave,February,785
Delancey St & Eldridge St,February,913
E 58 St & 1 Ave (NE Corner),February,778
Franklin St & Dupont St,February,768
Franklin Ave & Empire Blvd,February,662
Park Pl & Vanderbilt Ave,February,750
DeKalb Ave & S Portland Ave,February,750
E 88 St & Park Ave,February,744
Graham Ave & Grand St,February,723
Carroll St & 5 Ave,February,785
Dean St & Franklin Ave,February,838
31 St & 23 Ave,February,780
31 St & Newtown Ave,February,796
Washington Park,February,794
Eastern Pkwy & Franklin Ave,February,758
Grand St & Greene St,February,1259
Baltic St & 5 Ave,February,849
St James Pl & Pearl St,February,798
Bedford Ave & Bergen St,February,804
W 90 St & Amsterdam Ave,February,769
Nassau Ave & Newell St,February,934
Roebling St & N 4 St,February,802
Bergen St & Vanderbilt Ave,February,900
31 St & Broadway,February,847
Douglass St & 3 Ave,February,915
West End Ave & W 94 St,February,680
Bus Slip & State St,February,779
Lenox Ave & W 130 St,February,813
E 110 St & Madison Ave,February,826
Riverside Dr & W 78 St,February,722
Stagg St & Union Ave,February,861
E 68 St & 3 Ave,February,868
Kane St & Clinton St,February,907
W 116 St & Amsterdam Ave,February,1058
Washington Ave & Park Ave,February,959
Broad St & Bridge St,February,901
Driggs Ave & N Henry St,February,929
E 82 St & East End Ave,February,809
Lenox Ave & W 126 St,February,801
E 85 St & York Ave,February,836
Bergen St & Flatbush Ave,February,874
Union St & 4 Ave,February,1006
St Nicholas Ave & Manhattan Ave,February,862
Harrison St & Hudson St,February,938
Old Slip & Front St,February,1133
5 Ave & E 93 St,February,795
E 91 St & Park Ave,February,921
Emerson Pl & Myrtle Ave,February,1006
McGuinness Blvd & Eagle St,February,971
5 Ave & 3 St,February,954
Nassau Ave & Russell St,February,994
46 Ave & 5 St,February,882
Macon St & Nostrand Ave,February,999
E 97 St & Madison Ave,February,862
3 St & Prospect Park West,February,788
E 56 St & Madison Ave,February,999
Banker St & Meserole Ave,February,1024
Perry St & Greenwich Ave,February,1082
Willoughby Ave & Hall St,February,996
Avenue D & E 8 St,February,1360
3 Ave & Schermerhorn St,February,950
Avenue D & E 12 St,February,826
W 100 St & Manhattan Ave,February,960
E 76 St & Park Ave,February,868
Devoe St & Lorimer St,February,1048
E 65 St & 2 Ave,February,895
E 102 St & 1 Ave,February,956
Metropolitan Ave & Meeker Ave,February,1079
Flushing Ave & Vanderbilt Ave,February,1012
N 12 St & Bedford Ave,February,950
W Broadway & W Houston St,February,952
Pearl St & Peck Slip,February,1270
Duane St & Greenwich St,February,981
Kent Ave & S 11 St,February,935
Schermerhorn St & Court St,February,979
Huron St & Franklin St,February,1012
Carroll St & Smith St,February,999
Lenox Ave & W 117 St,February,1017
Madison Ave & E 82 St,February,1012
Henry St & Degraw St,February,1062
E 63 St & 3 Ave,February,1045
W 82 St & Central Park West,February,1135
E 89 St & York Ave,February,969
E 72 St & Park Ave,February,973
Frederick Douglass Blvd & W 112 St,February,918
Congress St & Clinton St,February,963
W 92 St & Broadway,February,997
India St & Manhattan Ave,February,1022
E 12 St & Ave C,February,1287
W 18 St & 9 Ave,February,1123
Front St & Jay St,February,1019
DeKalb Ave & Vanderbilt Ave,February,1039
Pleasant Ave & E 116 St,February,1000
Stanton St & Mangin St,February,1067
State St & Smith St,February,1035
Duffield St & Willoughby St,February,997
Fulton St & Waverly Ave,February,1039
Adelphi St & Myrtle Ave,February,1174
E 84 St & Park Ave,February,1022
W 87 St & West End Ave,February,937
Atlantic Ave & Fort Greene Pl,February,1159
Montague St & Clinton St,February,1135
Union Ave & N 12 St,February,970
E 81 St & 3 Ave,February,1080
5 Ave & E 63 St,February,1120
Water - Whitehall Plaza,February,1138
Amsterdam Ave & W 66 St,February,1153
Hope St & Union Ave,February,1068
Atlantic Ave & Furman St,February,832
E 89 St & 3 Ave,February,1046
Leonard St & Nassau Ave,February,1163
W 106 St & Central Park West,February,995
W 87 St & Amsterdam Ave,February,1097
Centre St & Worth St,February,986
Lafayette Ave & St James Pl,February,1222
W 74 St & Columbus Ave,February,1163
Riverside Dr & W 82 St,February,967
Meserole Ave & Manhattan Ave,February,1196
Central Park West & W 100 St,February,979
Cadman Plaza E & Red Cross Pl,February,1193
Frederick Douglass Blvd & W 117 St,February,1091
Jay St & Tech Pl,February,1231
Berkeley Pl & 7 Ave,February,1246
E 47 St & 1 Ave,February,1140
Bialystoker Pl & Delancey St,February,1261
E 75 St & 3 Ave,February,1183
John St & William St,February,1162
Greenpoint Ave & Manhattan Ave,February,1264
Market St & Cherry St,February,1276
W 84 St & Broadway,February,1076
Grand St & Havemeyer St,February,1201
E 77 St & 3 Ave,February,1180
Columbia St & Rivington St,February,1100
South St & Whitehall St,February,1029
E 81 St & 2 Ave,February,1147
Broadway & Roebling St,February,1347
E 58 St & Madison Ave,February,1255
Park Pl & Church St,February,1253
Henry St & Atlantic Ave,February,1263
5 Ave & E 103 St,February,1118
Bedford Ave & Nassau Ave,February,1258
Plaza St West & Flatbush Ave,February,1289
Hicks St & Montague St,February,1271
E 88 St & 1 Ave,February,1168
E 58 St &  1 Ave (NW Corner),February,1232
Franklin St & W Broadway,February,1319
Cathedral Pkwy & Broadway,February,1251
Madison St & Montgomery St,February,1298
7 Ave & Park Pl,February,1436
Maiden Ln & Pearl St,February,1346
Schermerhorn St & Bond St,February,1403
E 91 St & 2 Ave,February,1234
Spruce St & Nassau St,February,1351
Queens Plaza North & Crescent St,February,1216
Pike St & Monroe St,February,1384
Cherry St,February,1207
Front St & Maiden Ln,February,1289
Broadway & Berry St,February,1413
Lafayette Ave & Fort Greene Pl,February,1442
2 Ave & E 96 St,February,1294
Pearl St & Hanover Square,February,1274
3 Ave & E 62 St,February,1407
Graham Ave & Conselyea St,February,1433
Clinton St & Joralemon St,February,1499
E 81 St & York Ave,February,1299
E 84 St & 1 Ave,February,1309
Reade St & Broadway,February,1386
DeKalb Ave & Hudson Ave,February,1586
St James Pl & Oliver St,February,1406
S 3 St & Bedford Ave,February,1401
Vernon Blvd & 50 Ave,February,1592
Dean St & 4 Ave,February,1539
Grand Army Plaza & Plaza St West,February,1078
Clinton Ave & Myrtle Ave,February,1498
Catherine St & Monroe St,February,1426
W 47 St & 6 Ave,February,1526
Riverside Blvd & W 67 St,February,1354
William St & Pine St,February,1436
Berry St & N 8 St,February,1624
W 100 St & Broadway,February,1404
Broadway & W 37 St,February,1500
E 51 St & 2 Ave,February,1498
Leonard St & Church St,February,1607
Lawrence St & Willoughby St,February,1673
Willoughby St & Fleet St,February,1639
Old Fulton St,February,1321
E 59 St & Madison Ave,February,1590
Bond St & Fulton St,February,1569
Riverside Dr & W 72 St,February,1268
Park Ave & E 124 St,February,1670
W 76 St & Columbus Ave,February,1502
Fulton St & William St,February,1567
W 95 St & Broadway,February,1477
E 43 St & 2 Ave,February,1580
Division St & Bowery,February,1831
Madison St & Clinton St,February,1510
Milton St & Franklin St,February,1655
W 84 St & Columbus Ave,February,1566
Hudson St & Reade St,February,1584
Front St & Washington St,February,1683
5 Ave & E 78 St,February,1531
Court St & State St,February,1696
E 51 St & 1 Ave,February,1567
Central Park North & Adam Clayton Powell Blvd,February,1364
Rivington St & Chrystie St,February,1851
Avenue D & E 3 St,February,1763
E 48 St & 3 Ave,February,1775
Lenox Ave & W 111 St,February,1623
Clark St & Henry St,February,1720
West Drive & Prospect Park West,February,1362
E 56 St & 3 Ave,February,1816
Driggs Ave & N 9 St,February,1874
Cliff St & Fulton St,February,1645
E 5 St & Avenue C,February,1908
E 74 St & 1 Ave,February,1621
Jay St & York St,February,1872
Avenue C & E 18 St,February,1783
E 41 St & Madison Ave,February,1868
Lexington Ave & E 36 St,February,1847
W 42 St & Dyer Ave,February,1878
Central Park West & W 76 St,February,1840
MacDougal St & Washington Sq,February,1963
Fulton St & Adams St,February,1950
E 53 St & Madison Ave,February,1933
6 Ave & Canal St,February,1902
W 42 St & 6 Ave,February,1959
Stanton St & Norfolk St,February,1944
Broadway & W 36 St,February,1896
E 51 St & Lexington Ave,February,2016
W 15 St & 10 Ave,February,1908
Central Park W & W 96 St,February,1765
Rivington St & Ridge St,February,1865
Bank St & Washington St,February,1915
Bayard St & Baxter St,February,2030
Broadway & Battery Pl,February,1965
W 89 St & Columbus Ave,February,1975
W 50 St & 9 Ave,February,1928
2 Ave & E 72 St,February,1938
S 4 St & Wythe Ave,February,2050
Mercer St & Spring St,February,2128
Kent Ave & N 7 St,February,1806
Wythe Ave & Metropolitan Ave,February,2094
Pike St & E Broadway,February,2026
Watts St & Greenwich St,February,2035
9 Ave & W 18 St,February,2184
W 64 St & Thelonious Monk Circle,February,2025
E 6 St & Avenue D,February,1905
Bergen St & Smith St,February,2208
West Thames St,February,1881
W Broadway & Spring St,February,2025
W 67 St & Broadway,February,2070
Barclay St & Church St,February,2192
Washington Pl & 6 Ave,February,2140
Amsterdam Ave & W 82 St,February,2205
Greenwich Ave & Charles St,February,2148
W 35 St & Dyer Ave,February,2163
W 54 St & 9 Ave,February,2283
Murray St & West St,February,2120
South St & Gouverneur Ln,February,1867
W 56 St & 10 Ave,February,2099
Sullivan St & Washington Sq,February,1941
E 45 St & 3 Ave,February,2290
E 47 St & 2 Ave,February,2304
Perry St & Bleecker St,February,2146
1 Ave & E 44 St,February,2302
W 40 St & 5 Ave,February,2262
W 70 St & Amsterdam Ave,February,2092
Washington Pl & Broadway,February,2606
E 10 St & 5 Ave,February,2476
W 52 St & 5 Ave,February,2329
E 85 St & 3 Ave,February,2183
4 Ave & E 12 St,February,2808
E 72 St & York Ave,February,2153
Bank St & Hudson St,February,2240
Little West St & 1 Pl,February,2019
1 Ave & E 5 St,February,2383
W 45 St & 6 Ave,February,2546
5 Ave & E 88 St,February,2067
W 53 St & 10 Ave,February,2433
Amsterdam Ave & W 79 St,February,2271
Columbus Ave & W 95 St,February,2374
Murray St & Greenwich St,February,2232
Hanson Pl & Ashland Pl,February,2390
Central Park West & W 85 St,February,2100
Howard St & Centre St,February,2475
E 16 St & Irving Pl,February,2414
5 Ave & E 73 St,February,2234
W 46 St & 11 Ave,February,2284
N 6 St & Bedford Ave,February,2561
Broadway & W 51 St,February,2372
W 44 St & 5 Ave,February,2544
W 63 St & Broadway,February,2503
W 59 St & 10 Ave,February,2355
S 5 Pl & S 5 St,February,2113
W 37 St & 5 Ave,February,2557
Fulton St & Broadway,February,2486
Greenwich St & W Houston St,February,2401
Lispenard St & Broadway,February,2587
Broadway & W 53 St,February,2508
Henry St & Grand St,February,2471
Stanton St & Chrystie St,February,2677
E 9 St & Avenue C,February,2524
Suffolk St & Stanton St,February,2640
E 19 St & 3 Ave,February,2570
E 2 St & Avenue C,February,2591
E 58 St & 3 Ave,February,2493
Broadway & W 38 St,February,2691
E 27 St & 1 Ave,February,2481
E 30 St & Park Ave S,February,2634
Lexington Ave & E 29 St,February,2628
Forsyth St & Canal St,February,2501
1 Ave & E 30 St,February,2580
E 43 St & 5 Ave,February,2701
W 26 St & 10 Ave,February,2655
Central Park West & W 68 St,February,2514
E 11 St & Avenue B,February,2672
Mott St & Prince St,February,2601
W 16 St & The High Line,February,2747
Metropolitan Ave & Bedford Ave,February,2670
E 55 St & 2 Ave,February,2684
E 25 St & 1 Ave,February,2721
W 11 St & 6 Ave,February,2812
W 52 St & 11 Ave,February,2323
Forsyth St & Broome St,February,2757
W 55 St & 6 Ave,February,2809
W 37 St & 10 Ave,February,2674
E 20 St & FDR Drive,February,2767
9 Ave & W 28 St,February,2777
W 20 St & 8 Ave,February,2872
Pier 40 - Hudson River Park,February,2101
Liberty St & Broadway,February,2788
Centre St & Chambers St,February,2712
W 13 St & 5 Ave,February,3151
Allen St & Rivington St,February,2777
Central Park West & W 72 St,February,2669
7 Ave & Central Park South,February,2791
W 47 St & 10 Ave,February,2874
W 43 St & 10 Ave,February,2844
Allen St & Hester St,February,2946
E 2 St & 2 Ave,February,3220
Mercer St & Bleecker St,February,3095
W 45 St & 8 Ave,February,3147
W 15 St & 6 Ave,February,3040
LaGuardia Pl & W 3 St,February,3558
1 Ave & E 62 St,February,2711
1 Ave & E 78 St,February,2907
W 42 St & 8 Ave,February,3243
6 Ave & Broome St,February,3008
E 33 St & 5 Ave,February,3184
Gansevoort St & Hudson St,February,3192
University Pl & E 8 St,February,3484
E 12 St & 3 Ave,February,3390
E 53 St & Lexington Ave,February,2919
E 48 St & 5 Ave,February,3159
W 34 St & 11 Ave,February,3103
Norfolk St & Broome St,February,3088
St Marks Pl & 1 Ave,February,3211
11 Ave & W 59 St,February,2940
11 Ave & W 27 St,February,3141
Washington St & Gansevoort St,February,3153
W 13 St & 7 Ave,February,3386
Allen St & Stanton St,February,3261
E 2 St & Avenue B,February,3399
E 39 St & 3 Ave,February,3394
St Marks Pl & 2 Ave,February,3395
W 49 St & 8 Ave,February,3235
Grand Army Plaza & Central Park S,February,3236
E 20 St & Park Ave,February,3435
6 Ave & W 34 St,February,3257
MacDougal St & Prince St,February,3272
9 Ave & W 45 St,February,3327
Canal St & Rutgers St,February,3332
8 Ave & W 52 St,February,3147
W 25 St & 6 Ave,February,3570
W 20 St & 7 Ave,February,3402
Vesey Pl & River Terrace,February,3218
Central Park S & 6 Ave,February,2983
E 6 St & Avenue B,February,3591
Lafayette St & Jersey St,February,3579
FDR Drive & E 35 St,February,3072
E 4 St & 2 Ave,February,3602
E 11 St & 1 Ave,February,3542
E 31 St & 3 Ave,February,3477
E 2 St & Avenue A,February,3704
11 Ave & W 41 St,February,3400
W 52 St & 6 Ave,February,3630
5 Ave & E 29 St,February,3667
W 15 St & 7 Ave,February,3547
E 11 St & 2 Ave,February,3569
E 23 St & 1 Ave,February,3637
W 4 St & 7 Ave S,February,3579
Clinton St & Grand St,February,3484
E 10 St & Avenue A,February,3711
W 22 St & 8 Ave,February,3682
Barrow St & Hudson St,February,3698
South End Ave & Liberty St,February,3399
E 15 St & 3 Ave,February,3699
W 18 St & 6 Ave,February,3943
2 Ave & E 31 St,February,3624
E 39 St & 2 Ave,February,3488
E 7 St & Avenue A,February,4014
Broadway & W 49 St,February,3854
Broadway & W 29 St,February,4010
E 16 St & 5 Ave,February,3994
W 22 St & 10 Ave,February,3859
Amsterdam Ave & W 73 St,February,3975
Cleveland Pl & Spring St,February,3963
North Moore St & Greenwich St,February,3996
Columbus Ave & W 72 St,February,3846
E 25 St & 2 Ave,February,4040
E 24 St & Park Ave S,February,4272
W 26 St & 8 Ave,February,4066
Great Jones St,February,4462
E 20 St & 2 Ave,February,4077
9 Ave & W 22 St,February,4080
1 Ave & E 18 St,February,4119
Carmine St & 6 Ave,February,4092
E 33 St & 1 Ave,February,3877
Pershing Square South,February,4125
12 Ave & W 40 St,February,3328
W 27 St & 7 Ave,February,4417
10 Ave & W 28 St,February,4532
1 Ave & E 68 St,February,3885
W 17 St & 8 Ave,February,4446
Cooper Square & Astor Pl,February,4738
E 32 St & Park Ave,February,4501
Broadway & W 41 St,February,4336
W 24 St & 7 Ave,February,4385
Greenwich Ave & 8 Ave,February,4696
1 Ave & E 16 St,February,4388
Lexington Ave & E 26 St,February,4954
W 33 St & 7 Ave,February,4631
Grand St & Elizabeth St,February,4573
West St & Chambers St,February,3939
W 38 St & 8 Ave,February,5054
Lafayette St & E 8 St,February,5301
W 31 St & 7 Ave,February,5219
University Pl & E 14 St,February,5351
Broadway & W 56 St,February,5193
W 20 St & 11 Ave,February,5474
Broadway & W 25 St,February,5187
E 47 St & Park Ave,February,5215
Christopher St & Greenwich St,February,5161
Broadway & W 60 St,February,5127
E 13 St & Avenue A,February,5368
Broadway & E 14 St,February,5918
8 Ave & W 33 St,February,5909
W 41 St & 8 Ave,February,5842
6 Ave & W 33 St,February,6104
Broadway & E 22 St,February,6284
E 17 St & Broadway,February,6836
8 Ave & W 31 St,February,6993
W 21 St & 6 Ave,February,7140
Pershing Square North,February,9393
MTL-AOS-5.1,January,2
Somers St & Broadway,January,6
Stephen St & Seneca Ave,January,23
Linden St & Knickerbocker Ave,January,25
Bushwick Ave & Furman Ave,January,26
Broadway & Furman Ave,January,16
Cypress Ave & George St,January,27
Fairview Ave & Linden St,January,23
Menahan St & Onderdonk Ave,January,42
Centre St & Seneca Ave,January,22
Metropolitan Ave & Vandervoort Ave,January,41
Halsey St & Evergreen Ave,January,35
Stanhope St & Fairview Ave,January,36
Hancock St & Wyckoff Ave,January,31
Willoughby Ave & Onderdonk Ave,January,47
Menahan St & Seneca Ave,January,40
Onderdonk Ave & Dekalb Ave,January,30
Metropolitan Ave & Stewart Ave,January,42
Onderdonk Ave & Gates Ave,January,42
Moffat St & Bushwick,January,45
Cypress Ave & Palmetto St,January,50
Madison St & Evergreen Ave,January,50
Central Ave & Decatur St,January,49
Frost St & Debevoise Ave,January,53
Central Ave & Covert St,January,52
Van Sinderen Ave & Truxton St,January,45
Cedar St & Evergreen Ave,January,43
Madison St & Forest Ave,January,48
Suydam St & St. Nicholas Ave,January,61
Putnam Ave & Knickerbocker Ave,January,62
Madison St & Cypress Ave,January,58
Woodward Ave & Harman St,January,68
Railroad Ave & Kay Ave,January,87
Madison St & Woodward Ave,January,55
Harman St & Seneca Ave,January,74
Eldert St & Bushwick Ave,January,72
Flushing Ave & Woodward Ave,January,67
Menahan St & Wyckoff Ave,January,75
Columbia St & Lorraine St,January,81
Bushwick Ave & Forrest St,January,64
Knickerbocker Ave & Cooper St,January,88
Knickerbocker Ave & Halsey St,January,75
White St & Johnson Ave,January,80
Central Ave & Melrose St,January,65
Stewart Ave & Johnson Ave,January,86
Central Ave & Himrod St,January,66
Myrtle Ave & Grove St,January,84
Greene Ave & Grandview Ave,January,75
Bushwick Ave & Linden St,January,63
Central Ave & Weirfield St,January,77
Jefferson Ave & Evergreen Ave,January,75
21 St & 38 Ave,January,77
Menahan St & Central Ave,January,87
Morgan Ave & Maspeth Ave,January,67
Harrison Pl & Porter Ave,January,87
Henry St & Bay St,January,76
Madison St & Seneca Ave,January,72
Forest Ave & Summerfield St,January,64
Bushwick Ave & Dekalb Ave,January,72
11 St & 35 Ave,January,104
Hart St & Wyckoff Ave,January,109
Knickerbocker Ave & Hancock St,January,85
Bushwick Ave & Stagg St,January,103
Wyckoff St & Bond St,January,144
Van Buren St & Broadway,January,85
Montgomery St & Franklin Ave,January,104
Wilson Ave & Moffat St,January,100
Irving Ave & Halsey St,January,88
47 Ave & Skillman Ave,January,121
Bushwick Ave & Harman St,January,83
34 Ave & 13 St,January,130
Rockaway Ave & Bainbridge St,January,101
27 Ave & 3 St,January,96
Dwight St & Van Dyke St,January,111
Broadway & Hancock St,January,108
Irving Ave & Palmetto St,January,122
Carroll St & Franklin Ave,January,121
Putnam Ave & Wyckoff Ave,January,109
Evergreen Ave & Noll St,January,94
Pioneer St & Richards St,January,128
5 St & Market St,January,368
Green St & McGuinness Blvd,January,153
Jefferson St & Cypress Ave,January,107
Halsey St & Broadway,January,93
23 Ave & 27 St,January,109
48 Ave & 30 Pl,January,133
Withers St & Kingsland Ave,January,143
Central Ave & Woodbine St,January,132
Irving Ave & Harman St,January,118
11 St & 43 Ave,January,149
Myrtle Ave & Linden St,January,124
Richards St & Delavan St,January,136
Norman St & Wyckoff Ave,January,146
39 St & 2 Ave,January,91
37 St & 24 Ave,January,152
Albany Ave & Fulton St,January,136
Sullivan Pl & Bedford Ave,January,145
Irving Ave & DeKalb Ave,January,113
40 Ave & Crescent St,January,135
Henry St & W 9 St,January,143
Broadway & Kosciuszko St,January,144
Broadway & Madison St,January,139
Stagg St & Morgan Ave,January,169
10 Hudson Yards,January,282
21 St & 36 Ave,January,130
Bushwick Ave & McKibbin St,January,164
10 St & 2 Ave,January,193
Clinton St & Centre St,January,189
Central Ave & Starr Street,January,137
Wolcott St & Dwight St,January,218
Central Ave & Flushing Ave,January,167
Morgan Ave & Lombardy St,January,173
Union St & Bedford Ave,January,151
Kent St & McGuinness Blvd,January,147
Fulton St & Rockwell Pl,January,539
Bedford Ave & Montgomery St,January,194
27 Ave & 9 St,January,189
Division Ave & Marcy Ave,January,179
Crescent St & 35 Ave,January,162
31 St & Hoyt Ave N,January,196
Devoe St & Morgan Ave,January,186
Battery Pl & Greenwich St,January,564
Vernon Blvd & 41 Rd,January,112
34 Ave & 21 St,January,209
Greene Av & Myrtle Av,January,204
Commerce St & Van Brunt St,January,199
21 St & Hoyt Ave S,January,158
Wilson Ave & Troutman St,January,186
Columbus Ave & W 103 St,January,186
Throop Ave & Myrtle Ave,January,199
24 Ave & 29 St,January,183
Division St & Bowery (old),January,598
48 Ave & 5 St,January,207
Carroll St & Washington Ave,January,217
31 Ave & 14 St,January,200
5 St & 51 Ave,January,192
Cedar St & Myrtle Ave,January,204
Knickerbocker Ave & Thames St,January,189
Pulaski St & Marcus Garvey Blvd,January,197
Columbia St & W 9 St,January,172
E 12 St & 4 Av,January,635
Newton Rd & 44 St,January,213
Avenue D & E 8 St (home location),January,642
2 Ave & 36 St,January,166
Lincoln Pl & Classon Ave,January,207
30 Ave & 21 St,January,218
George St & Wilson Ave,January,177
Crescent St & Ditmars Blvd,January,207
Willoughby Ave & Wyckoff Ave,January,205
Beaver St & Fayette St,January,231
Morningside Dr & Amsterdam Ave,January,240
Willoughby Ave & Myrtle Ave,January,194
31 St & Northern Blvd,January,233
Irving Ave & Jefferson St,January,209
Grove St & Broadway,January,195
Park Ave & Marcus Garvey Blvd,January,208
Stockholm St & Wilson Ave,January,190
38 Ave & 29 St,January,234
40 Ave & 9 St,January,200
12 St & 4 Ave,January,119
Jackson St & Leonard St,January,276
19 St & 24 Ave,January,244
Lewis Ave & Kosciuszko St,January,238
Sigourney St & Columbia St,January,262
Willoughby St & Ashland Pl,January,109
Waterbury St & Stagg St,January,248
3 Ave & 14 St,January,258
35 St & Broadway,January,256
28 Ave & 44 St,January,243
21 St & 43 Ave,January,267
Knickerbocker Ave & George St,January,247
Sterling St & Bedford Ave,January,192
31 Ave & Crescent St,January,258
35 Ave & 10 St,January,269
34 St & 35 Ave,January,235
Suydam St & Broadway,January,252
28 St & 36 Ave,January,256
Manhattan Av & Leonard St,January,240
Humboldt St & Varet St,January,264
Steinway St & 23 Ave,January,221
Powers St & Olive St,January,261
Wyckoff Av & Stanhope St,January,277
E 116 St & 2 Ave,January,262
35 St & 34 Ave,January,283
2 Ave & E 122 St,January,230
E 118 St & Park Ave,January,248
White St & Moore St,January,226
Marcy Ave & Lafayette Ave,January,254
Engert Ave & McGuinness Blvd,January,280
Lexington Ave & E 127 St,January,281
3 Ave & E 112 St,January,270
47 Ave & 31 St,January,289
Nostrand Ave & Myrtle Ave,January,270
Leonard St & Boerum St,January,277
Wyckoff Av & Jefferson St,January,260
Stuyvesant Walk & 1 Av Loop,January,292
Vernon Blvd & 30 Rd,January,249
37 Ave & 35 St,January,270
Coffey St & Conover St,January,237
Adam Clayton Powell Blvd & W 115 St,January,267
24 St & 41 Ave,January,382
Crescent St & 30 Ave,January,279
9 St & 44 Rd,January,304
Pacific St & Classon Ave,January,334
31 St & Thomson Ave,January,319
36 Ave & 10 St,January,226
Crescent St & 34 Ave,January,307
Broadway & 12 St,January,254
31 Ave & Steinway St,January,358
W 129 St & Convent Ave,January,264
Broadway & W 122 St,January,318
31 Ave & 30 St,January,266
Suydam St & Knickerbocker Ave,January,249
24 Ave & 26 St,January,320
Lewis Ave & Decatur St,January,263
Central Park West & W 82 St,January,924
Melrose St & Broadway,January,312
3 Ave & E 100 St,January,328
Willoughby Ave & Tompkins Ave,January,320
Pleasant Ave & E 120 St,January,338
35 Ave & 37 St,January,373
Madison Ave & E 120 St,January,330
Rogers Ave & Sterling St,January,257
Jackson Ave & 46 Rd,January,335
Putnam Ave & Nostrand Ave,January,318
E 128 St & Madison Ave,January,311
McKibbin St & Bogart St,January,323
E 123 St & Lexington Ave,January,287
McKibbin St & Manhattan Ave,January,324
5 St & 6 Ave,January,418
Pioneer St & Van Brunt St,January,365
49 Ave & 21 St,January,401
Franklin Ave & Myrtle Ave,January,328
E 115 St & Madison Ave,January,314
Union Ave & Wallabout St,January,342
N 15 St & Wythe Ave,January,391
Vernon Blvd & 10 St,January,305
3 St & Hoyt St,January,384
Vernon Blvd & 31 Ave,January,349
Marcus Garvey Blvd & Macon St,January,363
28 Ave & 35 St,January,343
Graham Ave & Herbert St,January,389
Lexington Ave & E 120 St,January,374
Calyer St & Jewel St,January,316
Sharon St & Olive St,January,317
Newtown Ave & 23 St,January,349
Lorimer St & Broadway,January,377
E 98 St & Park Ave,January,401
6 Ave & 12 St,January,398
Tompkins Ave & Hopkins St,January,360
5 Ave & E 126 St,January,431
E 118 St & 1 Ave,January,331
Union St & Nevins St,January,407
21 St & 31 Dr,January,341
Adam Clayton Powell Blvd & W 118 St,January,370
3 Ave & Carroll St,January,398
Brooklyn Bridge Park - Pier 2,January,290
Amsterdam Ave & W 125 St,January,307
Frost St & Meeker Ave,January,408
Myrtle Ave & Marcy Ave,January,390
7 St & 3 Ave,January,400
Bedford Ave & S 9 St,January,392
Verona Pl & Fulton St,January,405
Fulton St & Utica Ave,January,348
Myrtle Ave & Lewis Ave,January,425
Ditmars Blvd & 19 St,January,377
Greene Ave & Throop Ave,January,417
27 St & Hunter St,January,355
E 114 St & 1 Ave,January,320
Peck Slip & Front St,January,1212
Lorimer St & Calyer St,January,400
10 St & 5 Ave,January,406
Putnam Ave & Throop Ave,January,453
E 106 St & 1 Ave,January,391
Astoria Park S & Shore Blvd,January,346
Hancock St & Bedford Ave,January,415
Van Brunt St & Wolcott St,January,487
Broadway & Whipple St,January,436
Kingston Ave & Herkimer St,January,398
N 11 St & Kent Ave,January,428
Kosciuszko St & Nostrand Ave,January,475
Bushwick Ave & Powers St,January,423
Union Ave & Jackson St,January,429
36 Ave & 31 St,January,389
Park Pl & Franklin Ave,January,418
6 St & 7 Ave,January,486
Crescent St & Broadway,January,414
E 106 St & Madison Ave,January,451
Prospect Pl & Underhill Ave,January,499
7 St & 5 Ave,January,483
43 St & Broadway,January,423
Division Ave & Hooper St,January,511
Lefferts Pl & Franklin Ave,January,474
31 Ave & 34 St,January,418
E 118 St & 3 Ave,January,391
E 118 St & Madison Ave,January,474
Greene Ave & Nostrand Ave,January,456
Frederick Douglass Blvd & W 129 St,January,340
Steinway St & 28 Ave,January,424
Adam Clayton Powell Blvd & W 126 St,January,413
E 97 St & 3 Ave,January,448
Franklin Ave & St Marks Ave,January,443
1 Pl & Clinton St,January,477
Boerum St & Broadway,January,464
Halsey St & Tompkins Ave,January,552
Amsterdam Ave & W 119 St,January,468
Columbia Heights & Cranberry St,January,394
Center Blvd & 51 Ave,January,368
Wyckoff St & Nevins St,January,435
Berkeley Pl & 6 Ave,January,520
Center Blvd & 48 Ave,January,447
Sterling Pl & Bedford Ave,January,447
E 106 St & Lexington Ave,January,433
Smith St & 3 St,January,543
DeKalb Ave & Franklin Ave,January,445
W 107 St & Columbus Ave,January,481
31 St & Astoria Blvd,January,509
2 Ave & E 99 St,January,487
Van Brunt St & Van Dyke St,January,458
Willoughby Ave & Walworth St,January,476
Cambridge Pl & Gates Ave,January,515
Vernon Blvd & 47 Rd,January,520
Prospect Park West & 8 St,January,479
Park Ave & St Edwards St,January,537
Clinton Ave & Flushing Ave,January,455
21 St & Queens Plaza North,January,484
E 102 St & Park Ave,January,482
E 115 St & Lexington Ave,January,499
Fulton St & Irving Pl,January,551
Lewis Ave & Madison St,January,499
E 95 St & 3 Ave,January,461
Concord St & Bridge St,January,539
Eastern Pkwy & Washington Ave,January,516
Morningside Ave & W 123 St,January,490
W 120 St & Claremont Ave,January,547
Pierrepont St & Monroe Pl,January,578
Central Park West & W 102 St,January,532
Prospect Pl & 6 Ave,January,618
Dock 72 Way & Market St,January,593
Lenox Ave & W 115 St,January,495
E 81 St & Park Ave,January,604
Court St & Nelson St,January,586
Underhill Ave & Pacific St,January,527
Pitt St & Stanton St,January,568
Fulton St & Clermont Ave,January,594
Monroe St & Tompkins Ave,January,605
Leonard St & Maujer St,January,538
E 109 St & 3 Ave,January,540
10 St & 7 Ave,January,605
Clinton St & 4 Place,January,594
Myrtle Ave & St Edwards St,January,553
28 St & 41 Ave,January,557
Adam Clayton Powell Blvd & W 123 St,January,592
Graham Ave & Withers St,January,573
Kosciuszko St & Tompkins Ave,January,624
W 116 St & Broadway,January,546
Clermont Ave & Park Ave,January,678
Dean St & Hoyt St,January,579
Degraw St & Hoyt St,January,616
Columbia St & Kane St,January,601
East End Ave & E 86 St,January,567
4 Ave & 9 St,January,654
W 113 St & Broadway,January,574
E 68 St & Madison Ave,January,595
Carroll St & Columbia St,January,639
Broadway & Moylan Pl,January,556
Clermont Ave & Lafayette Ave,January,612
W 104 St & Amsterdam Ave,January,639
President St & Henry St,January,693
Garfield Pl & 8 Ave,January,688
Carroll St & Bond St,January,679
Butler St & Court St,January,647
14 St & 7 Ave,January,684
Richardson St & N Henry St,January,707
Carlton Ave & Park Ave,January,670
44 Dr & 21 St,January,709
E 66 St & Madison Ave,January,615
Montrose Ave & Bushwick Ave,January,637
Riverside Dr & W 91 St,January,492
Cadman Plaza E & Johnson St,January,608
Washington Ave & Greene Ave,January,673
Bond St & Bergen St,January,693
Kingsland Ave & Nassau Ave,January,706
45 Rd & 11 St,January,681
Lexington Ave & Classon Ave,January,644
Riverside Dr & W 104 St,January,481
Mt Morris Park W & W 120 St,January,657
Lexington Ave & E 111 St,January,661
12 Ave & W 125 St,January,327
Carlton Ave & Flushing Ave,January,693
Monroe St & Classon Ave,January,674
Columbia St & Degraw St,January,710
Laight St & Hudson St,January,733
St Johns Pl & Washington Ave,January,785
E 93 St & 2 Ave,January,720
Pacific St & Nevins St,January,715
Clinton St & Union St,January,769
Bayard St & Leonard St,January,732
West End Ave & W 107 St,January,749
1 Ave & E 110 St,January,689
Classon Ave & St Marks Ave,January,762
Driggs Ave & Lorimer St,January,708
2 Ave & E 104 St,January,770
Warren St & Court St,January,845
3 Ave & E 71 St,January,680
Underhill Ave & Lincoln Pl,January,666
St. Nicholas Ave & W 126 St,January,684
Smith St & 9 St,January,840
India St & West St,January,718
Madison Ave & E 99 St,January,789
6 Ave & 9 St,January,788
W 110 St & Amsterdam Ave,January,681
Carlton Ave & Dean St,January,791
E 103 St & Lexington Ave,January,768
Carroll St & 6 Ave,January,837
Grand Ave & Bergen St,January,805
S Portland Ave & Hanson Pl,January,793
S 4 St & Rodney St,January,810
Frederick Douglass Blvd & W 115 St,January,716
14 St & 5 Ave,January,763
44 Dr & Jackson Ave,January,764
3 Ave & E 72 St,January,827
Degraw St & Smith St,January,843
3 St & 7 Ave,January,879
1 Ave & E 94 St,January,738
3 St & 3 Ave,January,772
E 67 St & Park Ave,January,810
W 106 St & Amsterdam Ave,January,763
Cumberland St & Lafayette Ave,January,827
34 Ave & 38 St,January,775
Monroe St & Bedford Ave,January,854
Henry St & Middagh St,January,869
Scholes St & Manhattan Ave,January,787
E 60 St & York Ave,January,749
Nassau St & Navy St,January,903
Lafayette Ave & Classon Ave,January,852
E 78 St & 2 Ave,January,819
Johnson St & Gold St,January,784
Front St & Gold St,January,791
Douglass St & 4 Ave,January,858
Delancey St & Eldridge St,January,589
E 58 St & 1 Ave (NE Corner),January,839
Franklin St & Dupont St,January,792
Franklin Ave & Empire Blvd,January,674
Park Pl & Vanderbilt Ave,January,775
DeKalb Ave & S Portland Ave,January,796
E 88 St & Park Ave,January,845
Graham Ave & Grand St,January,795
Carroll St & 5 Ave,January,914
Dean St & Franklin Ave,January,799
31 St & 23 Ave,January,865
31 St & Newtown Ave,January,839
Washington Park,January,952
Eastern Pkwy & Franklin Ave,January,853
Grand St & Greene St,January,9
Baltic St & 5 Ave,January,859
St James Pl & Pearl St,January,909
Bedford Ave & Bergen St,January,865
W 90 St & Amsterdam Ave,January,881
Nassau Ave & Newell St,January,890
Roebling St & N 4 St,January,909
Bergen St & Vanderbilt Ave,January,876
31 St & Broadway,January,933
Douglass St & 3 Ave,January,1064
West End Ave & W 94 St,January,888
Bus Slip & State St,January,849
Lenox Ave & W 130 St,January,764
E 110 St & Madison Ave,January,813
Riverside Dr & W 78 St,January,968
Stagg St & Union Ave,January,884
E 68 St & 3 Ave,January,962
Kane St & Clinton St,January,1003
W 116 St & Amsterdam Ave,January,935
Washington Ave & Park Ave,January,939
Broad St & Bridge St,January,1042
Driggs Ave & N Henry St,January,975
E 82 St & East End Ave,January,962
Lenox Ave & W 126 St,January,927
E 85 St & York Ave,January,964
Bergen St & Flatbush Ave,January,1064
Union St & 4 Ave,January,1038
St Nicholas Ave & Manhattan Ave,January,1037
Harrison St & Hudson St,January,1076
Old Slip & Front St,January,1332
5 Ave & E 93 St,January,879
E 91 St & Park Ave,January,1007
Emerson Pl & Myrtle Ave,January,931
McGuinness Blvd & Eagle St,January,958
5 Ave & 3 St,January,1014
Nassau Ave & Russell St,January,1063
46 Ave & 5 St,January,1017
Macon St & Nostrand Ave,January,1144
E 97 St & Madison Ave,January,997
3 St & Prospect Park West,January,964
E 56 St & Madison Ave,January,1094
Banker St & Meserole Ave,January,1079
Perry St & Greenwich Ave,January,903
Willoughby Ave & Hall St,January,1085
Avenue D & E 8 St,January,165
3 Ave & Schermerhorn St,January,955
Avenue D & E 12 St,January,1196
W 100 St & Manhattan Ave,January,1018
E 76 St & Park Ave,January,1105
Devoe St & Lorimer St,January,1053
E 65 St & 2 Ave,January,1145
E 102 St & 1 Ave,January,980
Metropolitan Ave & Meeker Ave,January,1017
Flushing Ave & Vanderbilt Ave,January,1003
N 12 St & Bedford Ave,January,1067
W Broadway & W Houston St,January,1207
Pearl St & Peck Slip,January,320
Duane St & Greenwich St,January,1212
Kent Ave & S 11 St,January,1033
Schermerhorn St & Court St,January,1197
Huron St & Franklin St,January,1078
Carroll St & Smith St,January,1229
Lenox Ave & W 117 St,January,1081
Madison Ave & E 82 St,January,1093
Henry St & Degraw St,January,1164
E 63 St & 3 Ave,January,1081
W 82 St & Central Park West,January,562
E 89 St & York Ave,January,1086
E 72 St & Park Ave,January,1215
Frederick Douglass Blvd & W 112 St,January,988
Congress St & Clinton St,January,1162
W 92 St & Broadway,January,1148
India St & Manhattan Ave,January,1010
E 12 St & Ave C,January,620
W 18 St & 9 Ave,January,1136
Front St & Jay St,January,1116
DeKalb Ave & Vanderbilt Ave,January,1259
Pleasant Ave & E 116 St,January,1049
Stanton St & Mangin St,January,1120
State St & Smith St,January,1191
Duffield St & Willoughby St,January,1129
Fulton St & Waverly Ave,January,1182
Adelphi St & Myrtle Ave,January,1207
E 84 St & Park Ave,January,1138
W 87 St & West End Ave,January,1121
Atlantic Ave & Fort Greene Pl,January,1113
Montague St & Clinton St,January,1207
Union Ave & N 12 St,January,1024
E 81 St & 3 Ave,January,1170
5 Ave & E 63 St,January,1267
Water - Whitehall Plaza,January,1211
Amsterdam Ave & W 66 St,January,1260
Hope St & Union Ave,January,1129
Atlantic Ave & Furman St,January,941
E 89 St & 3 Ave,January,1129
Leonard St & Nassau Ave,January,1304
W 106 St & Central Park West,January,1106
W 87 St & Amsterdam Ave,January,1151
Centre St & Worth St,January,1306
Lafayette Ave & St James Pl,January,1259
W 74 St & Columbus Ave,January,1208
Riverside Dr & W 82 St,January,1108
Meserole Ave & Manhattan Ave,January,1237
Central Park West & W 100 St,January,1064
Cadman Plaza E & Red Cross Pl,January,1299
Frederick Douglass Blvd & W 117 St,January,1042
Jay St & Tech Pl,January,1113
Berkeley Pl & 7 Ave,January,1298
E 47 St & 1 Ave,January,1348
Bialystoker Pl & Delancey St,January,1329
E 75 St & 3 Ave,January,1275
John St & William St,January,1297
Greenpoint Ave & Manhattan Ave,January,1249
Market St & Cherry St,January,1243
W 84 St & Broadway,January,1275
Grand St & Havemeyer St,January,1226
E 77 St & 3 Ave,January,1318
Columbia St & Rivington St,January,1352
South St & Whitehall St,January,1196
E 81 St & 2 Ave,January,1223
Broadway & Roebling St,January,1404
E 58 St & Madison Ave,January,1435
Park Pl & Church St,January,1454
Henry St & Atlantic Ave,January,1397
5 Ave & E 103 St,January,1245
Bedford Ave & Nassau Ave,January,1313
Plaza St West & Flatbush Ave,January,1409
Hicks St & Montague St,January,1393
E 88 St & 1 Ave,January,1217
E 58 St &  1 Ave (NW Corner),January,1423
Franklin St & W Broadway,January,1543
Cathedral Pkwy & Broadway,January,1249
Madison St & Montgomery St,January,1437
7 Ave & Park Pl,January,1569
Maiden Ln & Pearl St,January,1445
Schermerhorn St & Bond St,January,1593
E 91 St & 2 Ave,January,1423
Spruce St & Nassau St,January,1382
Queens Plaza North & Crescent St,January,1155
Pike St & Monroe St,January,1436
Cherry St,January,1291
Front St & Maiden Ln,January,1507
Broadway & Berry St,January,1549
Lafayette Ave & Fort Greene Pl,January,1471
2 Ave & E 96 St,January,1507
Pearl St & Hanover Square,January,1479
3 Ave & E 62 St,January,1569
Graham Ave & Conselyea St,January,1547
Clinton St & Joralemon St,January,1644
E 81 St & York Ave,January,1514
E 84 St & 1 Ave,January,1329
Reade St & Broadway,January,1666
DeKalb Ave & Hudson Ave,January,1481
St James Pl & Oliver St,January,1659
S 3 St & Bedford Ave,January,1473
Vernon Blvd & 50 Ave,January,1690
Dean St & 4 Ave,January,1575
Grand Army Plaza & Plaza St West,January,1259
Clinton Ave & Myrtle Ave,January,1652
Catherine St & Monroe St,January,1573
W 47 St & 6 Ave,January,1677
Riverside Blvd & W 67 St,January,1393
William St & Pine St,January,1527
Berry St & N 8 St,January,1644
W 100 St & Broadway,January,1638
Broadway & W 37 St,January,1877
E 51 St & 2 Ave,January,1661
Leonard St & Church St,January,1801
Lawrence St & Willoughby St,January,1602
Willoughby St & Fleet St,January,1812
Old Fulton St,January,1393
E 59 St & Madison Ave,January,1845
Bond St & Fulton St,January,1714
Riverside Dr & W 72 St,January,1385
Park Ave & E 124 St,January,1899
W 76 St & Columbus Ave,January,1642
Fulton St & William St,January,1724
W 95 St & Broadway,January,1669
E 43 St & 2 Ave,January,1763
Division St & Bowery,January,1422
Madison St & Clinton St,January,1776
Milton St & Franklin St,January,1628
W 84 St & Columbus Ave,January,1758
Hudson St & Reade St,January,1927
Front St & Washington St,January,1693
5 Ave & E 78 St,January,1650
Court St & State St,January,1885
E 51 St & 1 Ave,January,1643
Central Park North & Adam Clayton Powell Blvd,January,1512
Rivington St & Chrystie St,January,1853
Avenue D & E 3 St,January,1952
E 48 St & 3 Ave,January,2067
Lenox Ave & W 111 St,January,1607
Clark St & Henry St,January,2104
West Drive & Prospect Park West,January,1705
E 56 St & 3 Ave,January,2063
Driggs Ave & N 9 St,January,2002
Cliff St & Fulton St,January,2039
E 5 St & Avenue C,January,2060
E 74 St & 1 Ave,January,1950
Jay St & York St,January,2036
Avenue C & E 18 St,January,2010
E 41 St & Madison Ave,January,2149
Lexington Ave & E 36 St,January,1990
W 42 St & Dyer Ave,January,1907
Central Park West & W 76 St,January,1834
MacDougal St & Washington Sq,January,2058
Fulton St & Adams St,January,2113
E 53 St & Madison Ave,January,2193
6 Ave & Canal St,January,2275
W 42 St & 6 Ave,January,1904
Stanton St & Norfolk St,January,2097
Broadway & W 36 St,January,2090
E 51 St & Lexington Ave,January,2252
W 15 St & 10 Ave,January,2058
Central Park W & W 96 St,January,1863
Rivington St & Ridge St,January,1974
Bank St & Washington St,January,1995
Bayard St & Baxter St,January,2217
Broadway & Battery Pl,January,1563
W 89 St & Columbus Ave,January,2201
W 50 St & 9 Ave,January,2089
2 Ave & E 72 St,January,2103
S 4 St & Wythe Ave,January,1960
Mercer St & Spring St,January,2357
Kent Ave & N 7 St,January,1907
Wythe Ave & Metropolitan Ave,January,2210
Pike St & E Broadway,January,2254
Watts St & Greenwich St,January,2258
9 Ave & W 18 St,January,2264
W 64 St & Thelonious Monk Circle,January,2186
E 6 St & Avenue D,January,2265
Bergen St & Smith St,January,2230
West Thames St,January,1967
W Broadway & Spring St,January,2425
W 67 St & Broadway,January,2460
Barclay St & Church St,January,2590
Washington Pl & 6 Ave,January,2328
Amsterdam Ave & W 82 St,January,2245
Greenwich Ave & Charles St,January,2391
W 35 St & Dyer Ave,January,2381
W 54 St & 9 Ave,January,2139
Murray St & West St,January,2325
South St & Gouverneur Ln,January,2113
W 56 St & 10 Ave,January,2457
Sullivan St & Washington Sq,January,2674
E 45 St & 3 Ave,January,2570
E 47 St & 2 Ave,January,2488
Perry St & Bleecker St,January,2481
1 Ave & E 44 St,January,2507
W 40 St & 5 Ave,January,2598
W 70 St & Amsterdam Ave,January,2365
Washington Pl & Broadway,January,2299
E 10 St & 5 Ave,January,2418
W 52 St & 5 Ave,January,2670
E 85 St & 3 Ave,January,2246
4 Ave & E 12 St,January,2110
E 72 St & York Ave,January,2429
Bank St & Hudson St,January,2498
Little West St & 1 Pl,January,2035
1 Ave & E 5 St,January,2295
W 45 St & 6 Ave,January,2546
5 Ave & E 88 St,January,2069
W 53 St & 10 Ave,January,2293
Amsterdam Ave & W 79 St,January,2620
Columbus Ave & W 95 St,January,2246
Murray St & Greenwich St,January,2329
Hanson Pl & Ashland Pl,January,2772
Central Park West & W 85 St,January,2243
Howard St & Centre St,January,2706
E 16 St & Irving Pl,January,2899
5 Ave & E 73 St,January,2202
W 46 St & 11 Ave,January,2541
N 6 St & Bedford Ave,January,2730
Broadway & W 51 St,January,2914
W 44 St & 5 Ave,January,2798
W 63 St & Broadway,January,2762
W 59 St & 10 Ave,January,2549
S 5 Pl & S 5 St,January,2233
W 37 St & 5 Ave,January,2650
Fulton St & Broadway,January,2860
Greenwich St & W Houston St,January,2589
Lispenard St & Broadway,January,2966
Broadway & W 53 St,January,2753
Henry St & Grand St,January,2674
Stanton St & Chrystie St,January,2659
E 9 St & Avenue C,January,2744
Suffolk St & Stanton St,January,2595
E 19 St & 3 Ave,January,2765
E 2 St & Avenue C,January,2749
E 58 St & 3 Ave,January,2825
Broadway & W 38 St,January,2975
E 27 St & 1 Ave,January,2783
E 30 St & Park Ave S,January,2905
Lexington Ave & E 29 St,January,2696
Forsyth St & Canal St,January,2801
1 Ave & E 30 St,January,2863
E 43 St & 5 Ave,January,3111
W 26 St & 10 Ave,January,3032
Central Park West & W 68 St,January,2610
E 11 St & Avenue B,January,2930
Mott St & Prince St,January,2875
W 16 St & The High Line,January,2970
Metropolitan Ave & Bedford Ave,January,2859
E 55 St & 2 Ave,January,2785
E 25 St & 1 Ave,January,3133
W 11 St & 6 Ave,January,2973
W 52 St & 11 Ave,January,2698
Forsyth St & Broome St,January,3175
W 55 St & 6 Ave,January,3058
W 37 St & 10 Ave,January,2862
E 20 St & FDR Drive,January,3053
9 Ave & W 28 St,January,2892
W 20 St & 8 Ave,January,2978
Pier 40 - Hudson River Park,January,2313
Liberty St & Broadway,January,3130
Centre St & Chambers St,January,3089
W 13 St & 5 Ave,January,3013
Allen St & Rivington St,January,3098
Central Park West & W 72 St,January,2767
7 Ave & Central Park South,January,2909
W 47 St & 10 Ave,January,3171
W 43 St & 10 Ave,January,3198
Allen St & Hester St,January,3184
E 2 St & 2 Ave,January,3303
Mercer St & Bleecker St,January,3165
W 45 St & 8 Ave,January,3294
W 15 St & 6 Ave,January,3205
LaGuardia Pl & W 3 St,January,2843
1 Ave & E 62 St,January,3237
1 Ave & E 78 St,January,3061
W 42 St & 8 Ave,January,3406
6 Ave & Broome St,January,3154
E 33 St & 5 Ave,January,3492
Gansevoort St & Hudson St,January,3283
University Pl & E 8 St,January,2840
E 12 St & 3 Ave,January,3133
E 53 St & Lexington Ave,January,3378
E 48 St & 5 Ave,January,3632
W 34 St & 11 Ave,January,3475
Norfolk St & Broome St,January,3352
St Marks Pl & 1 Ave,January,3466
11 Ave & W 59 St,January,3300
11 Ave & W 27 St,January,3688
Washington St & Gansevoort St,January,3418
W 13 St & 7 Ave,January,3459
Allen St & Stanton St,January,3479
E 2 St & Avenue B,January,3454
E 39 St & 3 Ave,January,3620
St Marks Pl & 2 Ave,January,3459
W 49 St & 8 Ave,January,3431
Grand Army Plaza & Central Park S,January,3410
E 20 St & Park Ave,January,3774
6 Ave & W 34 St,January,3708
MacDougal St & Prince St,January,3716
9 Ave & W 45 St,January,3514
Canal St & Rutgers St,January,3789
8 Ave & W 52 St,January,3563
W 25 St & 6 Ave,January,3757
W 20 St & 7 Ave,January,3810
Vesey Pl & River Terrace,January,3695
Central Park S & 6 Ave,January,3421
E 6 St & Avenue B,January,3741
Lafayette St & Jersey St,January,3769
FDR Drive & E 35 St,January,3567
E 4 St & 2 Ave,January,3726
E 11 St & 1 Ave,January,3770
E 31 St & 3 Ave,January,3689
E 2 St & Avenue A,January,3859
11 Ave & W 41 St,January,3604
W 52 St & 6 Ave,January,4087
5 Ave & E 29 St,January,3954
W 15 St & 7 Ave,January,3865
E 11 St & 2 Ave,January,3845
E 23 St & 1 Ave,January,3896
W 4 St & 7 Ave S,January,3772
Clinton St & Grand St,January,3721
E 10 St & Avenue A,January,3749
W 22 St & 8 Ave,January,4149
Barrow St & Hudson St,January,3975
South End Ave & Liberty St,January,3791
E 15 St & 3 Ave,January,4131
W 18 St & 6 Ave,January,4357
2 Ave & E 31 St,January,4098
E 39 St & 2 Ave,January,4169
E 7 St & Avenue A,January,4099
Broadway & W 49 St,January,4130
Broadway & W 29 St,January,4380
E 16 St & 5 Ave,January,4298
W 22 St & 10 Ave,January,4175
Amsterdam Ave & W 73 St,January,3999
Cleveland Pl & Spring St,January,4169
North Moore St & Greenwich St,January,4175
Columbus Ave & W 72 St,January,4344
E 25 St & 2 Ave,January,4218
E 24 St & Park Ave S,January,4491
W 26 St & 8 Ave,January,4442
Great Jones St,January,4636
E 20 St & 2 Ave,January,4543
9 Ave & W 22 St,January,4276
1 Ave & E 18 St,January,4465
Carmine St & 6 Ave,January,4487
E 33 St & 1 Ave,January,4496
Pershing Square South,January,4999
12 Ave & W 40 St,January,3900
W 27 St & 7 Ave,January,4744
10 Ave & W 28 St,January,4835
1 Ave & E 68 St,January,4480
W 17 St & 8 Ave,January,4941
Cooper Square & Astor Pl,January,4698
E 32 St & Park Ave,January,4892
Broadway & W 41 St,January,5363
W 24 St & 7 Ave,January,4736
Greenwich Ave & 8 Ave,January,4887
1 Ave & E 16 St,January,4835
Lexington Ave & E 26 St,January,4778
W 33 St & 7 Ave,January,5367
Grand St & Elizabeth St,January,4899
West St & Chambers St,January,4566
W 38 St & 8 Ave,January,5611
Lafayette St & E 8 St,January,5492
W 31 St & 7 Ave,January,5907
University Pl & E 14 St,January,5516
Broadway & W 56 St,January,5794
W 20 St & 11 Ave,January,6022
Broadway & W 25 St,January,5742
E 47 St & Park Ave,January,6191
Christopher St & Greenwich St,January,5782
Broadway & W 60 St,January,5420
E 13 St & Avenue A,January,5854
Broadway & E 14 St,January,6048
8 Ave & W 33 St,January,6565
W 41 St & 8 Ave,January,6438
6 Ave & W 33 St,January,6633
Broadway & E 22 St,January,7310
E 17 St & Broadway,January,7447
8 Ave & W 31 St,January,7851
W 21 St & 6 Ave,January,7809
Pershing Square North,January,10734
